example_id,batch_index,dataset_item_index,episode_index,segment_start,rollout_start_offset,absolute_start_timestep,dynamic_mae_h1,dynamic_mae_h5,dynamic_mae_h15,h15_minus_h5,h15_minus_h1,ally_dynamic_mae_h1,ally_dynamic_mae_h15,enemy_dynamic_mae_h1,enemy_dynamic_mae_h15,visible_enemy_dynamic_mae_h15,hidden_enemy_dynamic_mae_h15,position_mae_h1,position_mae_h5,position_mae_h15,health_mae_h1,health_mae_h15,target_dynamic_change_h15,predicted_dynamic_change_h15,predicted_to_target_change_ratio_h15,target_health_change_h15,presence_false_positive_h15,presence_false_negative_h15,presence_error_rate_h15,health_out_of_range_fraction_h15,natural_enemy_visibility_changes_h1_h15,hidden_enemy_dynamic_coordinate_count_h15,enemy_dynamic_coordinate_count_h15
ep00001_t0000_item000000,0,0,1,0,0,0,0.04778989031910896,0.050090890377759933,0.040846288204193115,-0.009244602173566818,-0.006943602114915848,0.05042814463376999,0.061807241290807724,0.04350271821022034,0.029492443427443504,0.029492443427443504,,0.04049636796116829,0.04687955975532532,0.04006190225481987,0.07477499544620514,0.12476704269647598,0.042415324598550797,0.0680728331208229,1.604911285369457,0.23333331942558289,0.0,0.0,0.0,0.25,0.0,0.0,24.0
ep00001_t0001_item000000,0,0,1,0,1,1,0.042324356734752655,0.03894893452525139,0.03888082504272461,-6.810948252677917e-05,-0.0034435316920280457,0.04353056848049164,0.056970205157995224,0.04036426916718483,0.029082411900162697,0.029082411900162697,,0.033473461866378784,0.04744167998433113,0.044078197330236435,0.06525211036205292,0.11350605636835098,0.03967844322323799,0.06257762014865875,1.5771188349448568,0.23333331942558289,0.0,0.0,0.0,0.25,0.0,0.0,24.0
ep00001_t0002_item000000,0,0,1,0,2,2,0.03975735604763031,0.041984204202890396,0.0405113622546196,-0.0014728419482707977,0.0007540062069892883,0.043348781764507294,0.056755900382995605,0.03392129763960838,0.031712234020233154,0.031712234020233154,,0.036568958312273026,0.04295598343014717,0.0401313491165638,0.059909507632255554,0.13470050692558289,0.041697658598423004,0.05772045627236366,1.384261328153966,0.23333331942558289,0.0,0.0,0.0,0.25,0.0,0.0,24.0
ep00001_t0003_item000000,0,0,1,0,3,3,0.03830615431070328,0.04508798569440842,0.03845473378896713,-0.006633251905441284,0.00014857947826385498,0.041298188269138336,0.057785384356975555,0.033444102853536606,0.02798396907746792,0.02798396907746792,,0.03481510281562805,0.038165487349033356,0.04339243471622467,0.05972940847277641,0.11329243332147598,0.03660310059785843,0.053696345537900925,1.4669889889339753,0.19999998807907104,0.0,0.0,0.0,0.25,0.0,0.0,24.0
ep00001_t0004_item000000,0,0,1,0,4,4,0.0429653599858284,0.04974312335252762,0.03944022208452225,-0.010302901268005371,-0.0035251379013061523,0.049079760909080505,0.059474386274814606,0.033029451966285706,0.02858838625252247,0.02858838625252247,,0.03696630522608757,0.04205034673213959,0.04242677614092827,0.08003921806812286,0.12499592453241348,0.035271842032670975,0.05306980386376381,1.5045940559216402,0.19999998807907104,0.0,0.0,0.0,0.25,0.0,0.0,24.0
ep00001_t0005_item000000,0,0,1,0,5,5,0.034945178776979446,0.057494472712278366,0.038863737136125565,-0.0186307355761528,0.003918558359146118,0.041124213486909866,0.057602882385253906,0.024904249235987663,0.028713366016745567,0.028713366016745567,,0.03452552109956741,0.05178357660770416,0.03807482123374939,0.048539355397224426,0.13079425692558289,0.03155471757054329,0.047144338488578796,1.4940504025486385,0.1666666567325592,0.0,0.0,0.0,0.25,0.0,0.0,24.0
ep00001_t0006_item000000,0,0,1,0,6,6,0.03505469858646393,0.03267277404665947,0.03760388121008873,0.00493110716342926,0.0025491826236248016,0.04463648051023483,0.05455993860960007,0.01948431134223938,0.02841934561729431,0.02841934561729431,,0.03135441616177559,0.04597124084830284,0.034893739968538284,0.04969990998506546,0.13439533114433289,0.033777423202991486,0.04597082734107971,1.3609927277403542,0.1666666567325592,0.0,0.0,0.0,0.25,0.0,0.0,24.0
ep00001_t0007_item000000,0,0,1,0,7,7,0.036195915192365646,0.03075447678565979,0.037472933530807495,0.006718456745147705,0.0012770183384418488,0.045357704162597656,0.05133356526494026,0.021308014169335365,0.029965095221996307,0.029965095221996307,,0.027653539553284645,0.03074304759502411,0.03911740705370903,0.043093491345644,0.13672992587089539,0.02993038482964039,0.03956393152475357,1.3218651129929,0.13333332538604736,0.0,0.0,0.0,0.25,0.0,0.0,24.0
ep00001_t0008_item000000,0,0,1,0,8,8,0.035142771899700165,0.03185907378792763,0.037956953048706055,0.006097879260778427,0.00281418114900589,0.044649362564086914,0.05194035917520523,0.024843966588377953,0.030382610857486725,0.030382610857486725,,0.02855783700942993,0.028628438711166382,0.045787274837493896,0.043949633836746216,0.13732501864433289,0.02233135513961315,0.03965131565928459,1.7755893187578171,0.06666667014360428,0.0,0.0,0.0,0.25,0.0,0.0,24.0
ep00001_t0009_item000000,0,0,1,0,9,9,0.04402106627821922,0.03043222799897194,0.03435191512107849,0.003919687122106552,-0.009669151157140732,0.06642775237560272,0.05059656873345375,0.019747169688344002,0.02555272728204727,0.02555272728204727,,0.03155432641506195,0.03604279085993767,0.04513499140739441,0.0227382630109787,0.10068867355585098,0.01800270937383175,0.03454504907131195,1.9188805614740245,0.03333333879709244,0.0,0.0,0.0,0.25,0.0,0.0,24.0
ep00001_t0010_item000000,0,0,1,0,10,10,0.024081984534859657,0.031401172280311584,0.03276808187365532,0.0013669095933437347,0.008686097338795662,0.03477945178747177,0.045992281287908554,0.018287522718310356,0.0256049707531929,0.0256049707531929,,0.018292034044861794,0.039476145058870316,0.03966980054974556,0.03290913254022598,0.09923908859491348,0.01306887250393629,0.037816599011421204,2.8936389883695783,0.0,0.0,0.0,0.0,0.25,0.0,0.0,24.0
ep00001_t0011_item000000,0,0,1,0,11,11,0.01919320598244667,0.027577709406614304,0.030669238418340683,0.0030915290117263794,0.011476032435894012,0.024159930646419525,0.05533301457762718,0.016502896323800087,0.01730968989431858,0.01730968989431858,,0.01398150622844696,0.028220370411872864,0.02262144722044468,0.03518269211053848,0.07002969831228256,0.012470735237002373,0.03858732059597969,3.094229799818526,0.0,0.0,0.0,0.0,0.25,0.0,0.0,24.0
ep00001_t0012_item000000,0,0,1,0,12,12,0.01835659332573414,0.025856202468276024,0.029145782813429832,0.0032895803451538086,0.010789189487695694,0.024498632177710533,0.049210019409656525,0.015029657632112503,0.018277650699019432,0.018277650699019432,,0.011616836301982403,0.021124163642525673,0.02565593086183071,0.030799351632595062,0.06197305768728256,0.0097357127815485,0.03440333530306816,3.533725375328522,0.0,0.0,0.0,0.0,0.25,0.0,0.0,24.0
ep00001_t0013_item000000,0,0,1,0,13,13,0.016910487785935402,0.025990653783082962,0.029218055307865143,0.003227401524782181,0.012307567521929741,0.022060545161366463,0.04614201560616493,0.014120875857770443,0.020050911232829094,0.020050911232829094,,0.010872145183384418,0.026146268472075462,0.03520793095231056,0.025031529366970062,0.05106302350759506,0.005831957794725895,0.030746595934033394,5.2720882105558005,0.0,0.0,0.0,0.0,0.25,0.0,0.0,24.0
ep00001_t0014_item000000,0,0,1,0,14,14,0.017595648765563965,0.02674173004925251,0.02929551899433136,0.00255378894507885,0.011699870228767395,0.02031584456562996,0.04438277333974838,0.016122208908200264,0.0211232528090477,0.0211232528090477,,0.01642709970474243,0.03234369680285454,0.03799623250961304,0.029597975313663483,0.04604694992303848,0.004566666204482317,0.02995513565838337,6.55951942118772,0.0,0.0,0.0,0.0,0.25,0.0,0.0,24.0
ep00001_t0015_item000000,0,0,1,0,15,15,0.01742234267294407,0.025664793327450752,0.02803109772503376,0.002366304397583008,0.010608755052089691,0.020052282139658928,0.04103406146168709,0.015997791662812233,0.020987829193472862,0.020987829193472862,,0.016454502940177917,0.03164081647992134,0.03979244455695152,0.030727125704288483,0.04130146652460098,0.003935263957828283,0.027921553701162338,7.095217500116851,0.0,0.0,0.0,0.0,0.25,0.0,0.0,24.0
ep00001_t0016_item000000,0,0,1,0,16,16,0.017952345311641693,0.024694053456187248,0.028432881459593773,0.0037388280034065247,0.01048053614795208,0.023324379697442055,0.04234534502029419,0.015042492188513279,0.02089696377515793,0.02089696377515793,,0.018326858058571815,0.029906809329986572,0.041230347007513046,0.028377272188663483,0.03622028976678848,0.0016712223878130317,0.02685031108558178,16.066270582168425,0.0,0.0,0.0,0.0,0.25,0.0,0.0,24.0
ep00001_t0017_item000000,0,0,1,0,17,17,0.018042873591184616,0.02364245243370533,0.027276484295725822,0.0036340318620204926,0.009233610704541206,0.020812302827835083,0.038590215146541595,0.016542766243219376,0.021148212254047394,0.021148212254047394,,0.016759568825364113,0.028391003608703613,0.03608153760433197,0.031078077852725983,0.04227802902460098,0.0013688295148313046,0.028027335181832314,20.47540243555197,0.0,0.0,0.0,0.0,0.25,0.0,0.0,24.0
ep00001_t0018_item000000,0,0,1,0,18,18,0.01778598502278328,0.024245142936706543,0.028058379888534546,0.003813236951828003,0.010272394865751266,0.021104855462908745,0.03933444991707802,0.015988262370228767,0.021950513124465942,0.021950513124465942,,0.01725275255739689,0.03831099346280098,0.03851781785488129,0.030498243868350983,0.05155537277460098,0.0018537447322160006,0.028998369351029396,15.643129740071716,0.0,0.0,0.0,0.0,0.25,0.0,0.0,24.0
ep00001_t0019_item000000,0,0,1,0,19,19,0.01837591454386711,0.024827413260936737,0.029192930087447166,0.004365516826510429,0.010817015543580055,0.022682838141918182,0.04136577621102333,0.01604299806058407,0.02259930409491062,0.02259930409491062,,0.01746285893023014,0.04420473054051399,0.04189001023769379,0.031154371798038483,0.05762837082147598,0.000525375478900969,0.028801660984754562,54.82109870259771,0.0,0.0,0.0,0.0,0.25,0.0,0.0,24.0
ep00129_t0012_item002409,0,2409,129,12,0,12,0.028837792575359344,0.02895437739789486,0.03984273597598076,0.0108883585780859,0.011004943400621414,0.03571705147624016,0.04195607081055641,0.02244991436600685,0.03918860852718353,0.03918860852718353,,0.02135162614285946,0.029312334954738617,0.07175029069185257,0.058713823556900024,0.07909821718931198,0.02296857163310051,0.037408504635095596,1.6286822373048824,0.030030304566025734,0.0,0.0,0.0,0.0,0.0,0.0,84.0
ep00129_t0013_item002409,0,2409,129,12,1,13,0.023927602916955948,0.028802931308746338,0.03729526698589325,0.008492335677146912,0.013367664068937302,0.028212089091539383,0.03767935559153557,0.02061222493648529,0.037176381796598434,0.037176381796598434,,0.018919024616479874,0.029105056077241898,0.07239817082881927,0.04788540303707123,0.07227548956871033,0.020288072526454926,0.03463524207472801,1.7071726271465606,0.0180454533547163,0.0,0.0,0.0,0.0,0.0,0.0,84.0
ep00129_t0014_item002409,0,2409,129,12,2,14,0.025266433134675026,0.0310544203966856,0.03580423444509506,0.004749814048409462,0.010537801310420036,0.031172562390565872,0.03787515312433243,0.020696211606264114,0.035163238644599915,0.035163238644599915,,0.018547164276242256,0.032211288809776306,0.06683197617530823,0.06064680218696594,0.08897954225540161,0.019540438428521156,0.03168530389666557,1.6215247171945648,0.02654544822871685,0.0,0.0,0.0,0.0,0.0,0.0,84.0
ep00129_t0015_item002409,0,2409,129,12,3,15,0.026503080502152443,0.024220304563641548,0.03590727970004082,0.011686975136399269,0.009404199197888374,0.033874545246362686,0.04027622193098068,0.020798971876502037,0.03455498814582825,0.03455498814582825,,0.019958455115556717,0.029270833358168602,0.06370960921049118,0.05440237745642662,0.09441091865301132,0.01935156062245369,0.03136869892477989,1.6209906547993174,0.029590904712677002,0.0,0.0,0.0,0.0,0.0,0.0,84.0
ep00129_t0016_item002409,0,2409,129,12,4,16,0.02150147780776024,0.027764305472373962,0.037041906267404556,0.009277600795030594,0.015540428459644318,0.021764814853668213,0.04438277333974838,0.021338459104299545,0.034769732505083084,0.034769732505083084,,0.017945852130651474,0.03197922185063362,0.0753437802195549,0.058669786900281906,0.09217897057533264,0.01785295456647873,0.03168622404336929,1.7748448261255505,0.01913636364042759,0.0,0.0,0.0,0.0,0.0,0.0,84.0
ep00129_t0017_item002409,0,2409,129,12,5,17,0.023694470524787903,0.0296181570738554,0.03475108742713928,0.005132930353283882,0.01105661690235138,0.031077709048986435,0.04414884001016617,0.019123895093798637,0.03184225410223007,0.03184225410223007,,0.02031686156988144,0.03445851057767868,0.0641365572810173,0.0726747140288353,0.08746347576379776,0.018753105774521828,0.03346262127161026,1.7843775678518776,0.02199999801814556,0.0,0.0,0.0,0.0,0.0,0.0,84.0
ep00129_t0018_item002409,0,2409,129,12,6,18,0.025245768949389458,0.024684742093086243,0.03408972918987274,0.009404987096786499,0.008843960240483284,0.03434997797012329,0.042282674461603165,0.019609829410910606,0.03155381977558136,0.03155381977558136,,0.020450592041015625,0.039868518710136414,0.05973811820149422,0.0713290199637413,0.08823883533477783,0.01546033751219511,0.03194870799779892,2.0664948596754624,0.02200000360608101,0.0,0.0,0.0,0.0,0.0,0.0,84.0
ep00129_t0019_item002409,0,2409,129,12,7,19,0.02065509743988514,0.025665495544672012,0.036172445863485336,0.010506950318813324,0.015517348423600197,0.021415524184703827,0.047853562980890274,0.020302042365074158,0.03255686163902283,0.03255686163902283,,0.021035607904195786,0.044659096747636795,0.06331858783960342,0.055776357650756836,0.09940729290246964,0.015405305661261082,0.031225111335515976,2.0269063154025,0.02200000360608101,0.0,0.0,0.0,0.0,0.0,0.0,84.0
ep00129_t0020_item002409,0,2409,129,12,8,20,0.02246035821735859,0.024973683059215546,0.03347597271203995,0.008502289652824402,0.011015614494681358,0.02924172766506672,0.039854131639003754,0.01931186579167843,0.031501781195402145,0.031501781195402145,,0.020351413637399673,0.03978537768125534,0.055853016674518585,0.05311572924256325,0.09312216937541962,0.012823407538235188,0.02922990918159485,2.279418250916604,0.025090904906392097,0.0,0.0,0.0,0.0,0.0,0.0,84.0
ep00129_t0021_item002409,0,2409,129,12,9,21,0.02692328207194805,0.024382334202528,0.03541909530758858,0.011036761105060577,0.008495813235640526,0.037407465279102325,0.04586096480488777,0.022055627778172493,0.0321870855987072,0.0321870855987072,,0.022026559337973595,0.038757774978876114,0.05997122824192047,0.07066942006349564,0.10064613819122314,0.014657847583293915,0.032043687999248505,2.186111420326806,0.03563636168837547,0.0,0.0,0.0,0.0,0.0,0.0,84.0
ep00129_t0022_item002409,0,2409,129,12,10,22,0.020391134545207024,0.025843502953648567,0.03440412878990173,0.008560625836253166,0.01401299424469471,0.022460218518972397,0.04338262975215912,0.019750704988837242,0.03162507340312004,0.03162507340312004,,0.023543711751699448,0.04348529130220413,0.06213001534342766,0.05066178739070892,0.07881592959165573,0.018200015649199486,0.03465189412236214,1.903948589400596,0.0646868646144867,0.0,0.0,0.0,0.09090909361839294,0.0,0.0,84.0
ep00129_t0023_item002409,0,2409,129,12,11,23,0.020472487434744835,0.02471374161541462,0.03687974810600281,0.012166006490588188,0.016407260671257973,0.02198105677962303,0.057970479130744934,0.020005550235509872,0.0303516648709774,0.0303516648709774,,0.026202991604804993,0.03866726532578468,0.060359928756952286,0.05165830999612808,0.10100135207176208,0.023065656423568726,0.040806274861097336,1.7691356409610377,0.10222222656011581,0.0,0.0,0.0,0.09090909361839294,0.0,0.0,84.0
ep00129_t0024_item002409,0,2409,129,12,12,24,0.020020537078380585,0.024582086130976677,0.03255818784236908,0.007976101711392403,0.012537650763988495,0.020959075540304184,0.05493601784110069,0.019730035215616226,0.02909495122730732,0.02909495122730732,,0.024788301438093185,0.03440798819065094,0.05038946866989136,0.056198738515377045,0.08880563825368881,0.010171961970627308,0.029484493657946587,2.898604393438198,0.030611110851168633,0.0,0.0,0.0,0.0,0.0,0.0,84.0
ep00129_t0025_item002409,0,2409,129,12,13,25,0.01916573755443096,0.024924613535404205,0.031287845224142075,0.006363231688737869,0.012122107669711113,0.02266315557062626,0.04543684050440788,0.018083203583955765,0.02909811958670616,0.02909811958670616,,0.020763898268342018,0.03374890610575676,0.047483548521995544,0.051724907010793686,0.08478529006242752,0.010462944395840168,0.0283201914280653,2.7067133644832113,0.03255555406212807,0.0,0.0,0.0,0.0,0.0,0.0,84.0
ep00129_t0026_item002409,0,2409,129,12,14,26,0.019482750445604324,0.024711793288588524,0.031262073665857315,0.006550280377268791,0.01177932322025299,0.023840587586164474,0.04134144261479378,0.018133899196982384,0.029702169820666313,0.029702169820666313,,0.023351415991783142,0.03488687425851822,0.05175149813294411,0.05034473165869713,0.07277899980545044,0.01240561157464981,0.028936022892594337,2.3324946713407924,0.04116666316986084,0.0,0.0,0.0,0.0,0.0,0.0,84.0
ep00129_t0027_item002409,0,2409,129,12,15,27,0.01942654885351658,0.024374207481741905,0.030914539471268654,0.006540331989526749,0.011487990617752075,0.023161383345723152,0.03897799924015999,0.018270529806613922,0.02966662310063839,0.02966662310063839,,0.023104509338736534,0.03511621057987213,0.05422546714544296,0.051277317106723785,0.05851101130247116,0.012568670324981213,0.02877594530582428,2.2894979788458483,0.048277776688337326,0.0,0.0,0.0,0.0,0.0,0.0,84.0
ep00129_t0028_item002409,0,2409,129,12,16,28,0.0189413633197546,0.024212755262851715,0.03078855387866497,0.006575798615813255,0.01184719055891037,0.021619101986289024,0.038611385971307755,0.018112536519765854,0.02957787923514843,0.02957787923514843,,0.022026922553777695,0.03512360528111458,0.055754248052835464,0.05378999933600426,0.05484709516167641,0.013019183650612831,0.02980974316596985,2.2896783673964585,0.05168518051505089,0.0,0.0,0.0,0.0,0.0,0.0,84.0
ep00129_t0029_item002409,0,2409,129,12,17,29,0.019855525344610214,0.024146821349859238,0.031562693417072296,0.0074158720672130585,0.011707168072462082,0.02372119016945362,0.044377345591783524,0.018659010529518127,0.029579469934105873,0.029579469934105873,,0.02418692223727703,0.03198390081524849,0.05653207749128342,0.05589064583182335,0.0612996406853199,0.01283594872802496,0.028298936784267426,2.2046626536051708,0.06299999356269836,0.0,0.0,0.0,0.0,0.0,0.0,84.0
ep00129_t0030_item002409,0,2409,129,12,18,30,0.019499855116009712,0.024605145677924156,0.033313214778900146,0.00870806910097599,0.013813359662890434,0.021389981731772423,0.05771605670452118,0.01891481503844261,0.02953658252954483,0.02953658252954483,,0.02701330929994583,0.03287266194820404,0.0571383461356163,0.05536768585443497,0.07545493543148041,0.014313243329524994,0.02955647185444832,2.0649737570994815,0.07409258931875229,0.0,0.0,0.0,0.0,0.0,0.0,84.0
ep00129_t0031_item002409,0,2409,129,12,19,31,0.019569847732782364,0.025416113436222076,0.03450298681855202,0.00908687338232994,0.014933139085769653,0.021460849791765213,0.06765199452638626,0.018984537571668625,0.02937278524041176,0.02937278524041176,,0.02479729801416397,0.035552721470594406,0.054119765758514404,0.05729498714208603,0.08813431859016418,0.01394523773342371,0.030441390350461006,2.1829237286862164,0.08520369976758957,0.0,0.0,0.0,0.0,0.0,0.0,84.0
ep00199_t0080_item004817,0,4817,199,80,0,80,0.027640076354146004,0.02758551575243473,0.03406943753361702,0.006483921781182289,0.006429361179471016,0.03548851236701012,0.04663332179188728,0.019137604162096977,0.02045856975018978,0.02045856975018978,,0.03085978701710701,0.03772648423910141,0.0554414838552475,0.06438469141721725,0.08831047266721725,0.006667638197541237,0.03436056151986122,5.1533332346275245,0.0,0.0,0.0,0.0,0.1666666716337204,0.0,0.0,24.0
ep00199_t0081_item004817,0,4817,199,80,1,81,0.028063682839274406,0.02737543359398842,0.033588457852602005,0.006213024258613586,0.005524775013327599,0.03720571845769882,0.045768335461616516,0.018159816041588783,0.02039358951151371,0.02039358951151371,,0.03571508824825287,0.045043621212244034,0.06389506161212921,0.060173261910676956,0.08353955298662186,0.00894201546907425,0.03271060064435005,3.6580791833204604,0.0,0.0,0.0,0.0,0.1666666716337204,0.0,0.0,24.0
ep00199_t0082_item004817,0,4817,199,80,2,82,0.026809237897396088,0.025816505774855614,0.030377084389328957,0.004560578614473343,0.003567846491932869,0.03473162651062012,0.039720211178064346,0.01822664402425289,0.02025536634027958,0.02025536634027958,,0.03141067177057266,0.04680143669247627,0.059273749589920044,0.058820318430662155,0.08018770813941956,0.010058811865746975,0.03089156188070774,3.071094508279056,0.0,0.0,0.0,0.0,0.1666666716337204,0.0,0.0,24.0
ep00199_t0083_item004817,0,4817,199,80,3,83,0.025798652321100235,0.02565188892185688,0.03343653306365013,0.007784644141793251,0.007637880742549896,0.03293836861848831,0.04579905420541763,0.01806395687162876,0.02004379965364933,0.02004379965364933,,0.0316227450966835,0.045386239886283875,0.05683326721191406,0.056195806711912155,0.10378975421190262,0.020596520975232124,0.03403599560260773,1.6525118802120482,0.07733333110809326,0.0,0.0,0.0,0.1666666716337204,0.0,0.0,24.0
ep00199_t0084_item004817,0,4817,199,80,4,84,0.024092089384794235,0.023539971560239792,0.0333893783390522,0.009849406778812408,0.009297288954257965,0.029768934473395348,0.0457104817032814,0.017942173406481743,0.020041514188051224,0.020041514188051224,,0.030194513499736786,0.04073698818683624,0.05422245338559151,0.055280279368162155,0.09946134686470032,0.018222751095891,0.034564293920993805,1.8967659569683537,0.07733333110809326,0.0,0.0,0.0,0.1666666716337204,0.0,0.0,24.0
ep00199_t0085_item004817,0,4817,199,80,5,85,0.025265837088227272,0.02518472447991371,0.03329605236649513,0.008111327886581421,0.00803021527826786,0.03196747601032257,0.04553145170211792,0.018005724996328354,0.02004103735089302,0.02004103735089302,,0.03284953907132149,0.03635771572589874,0.04516704007983208,0.055941492319107056,0.10095670819282532,0.015269629657268524,0.03432149440050125,2.247696582750048,0.07733333110809326,0.0,0.0,0.0,0.1666666716337204,0.0,0.0,24.0
ep00199_t0086_item004817,0,4817,199,80,6,86,0.02510434202849865,0.02587699703872204,0.033187031745910645,0.007310034707188606,0.008082689717411995,0.0315341092646122,0.045282378792762756,0.018138760700821877,0.02008373849093914,0.02008373849093914,,0.031143609434366226,0.035267192870378494,0.041674863547086716,0.057767461985349655,0.10853015631437302,0.01330088172107935,0.03303571417927742,2.4837236261504483,0.07733333110809326,0.0,0.0,0.0,0.1666666716337204,0.0,0.0,24.0
ep00199_t0087_item004817,0,4817,199,80,7,87,0.025864560157060623,0.025843359529972076,0.03548552095890045,0.009642161428928375,0.009620960801839828,0.033128734678030014,0.049587808549404144,0.017995042726397514,0.020208043977618217,0.020208043977618217,,0.03221766650676727,0.03652146831154823,0.045719269663095474,0.058250654488801956,0.11902820318937302,0.013267009519040585,0.03106107749044895,2.3412267433644804,0.07733333110809326,0.0,0.0,0.0,0.1666666716337204,0.0,0.0,24.0
ep00199_t0088_item004817,0,4817,199,80,8,88,0.02558017708361149,0.024745745584368706,0.041379813104867935,0.01663406752049923,0.015799636021256447,0.032575126737356186,0.06094898656010628,0.018002314493060112,0.0201798714697361,0.0201798714697361,,0.03013189136981964,0.035064857453107834,0.05092250183224678,0.058321863412857056,0.16288794577121735,0.01945146545767784,0.03111153282225132,1.599444159615801,0.11599999666213989,0.0,0.0,0.0,0.1666666716337204,0.0,0.0,24.0
ep00199_t0089_item004817,0,4817,199,80,9,89,0.02523096092045307,0.025003544986248016,0.04286313056945801,0.01785958558320999,0.017632169649004936,0.031827084720134735,0.06393054127693176,0.018085164949297905,0.020040098577737808,0.020040098577737808,,0.02836187183856964,0.04119167849421501,0.04881129041314125,0.057462286204099655,0.16546158492565155,0.017382508143782616,0.033410411328077316,1.9220707996634865,0.11599999666213989,0.0,0.0,0.0,0.3333333432674408,0.0,0.0,24.0
ep00199_t0090_item004817,0,4817,199,80,10,90,0.02551642619073391,0.024737369269132614,0.04170919582247734,0.016971826553344727,0.01619276963174343,0.03247591108083725,0.06190876290202141,0.01797698251903057,0.01982632651925087,0.01982632651925087,,0.030778799206018448,0.03916242718696594,0.04925989732146263,0.057609785348176956,0.15772537887096405,0.019351258873939514,0.03249003365635872,1.678962276718508,0.11599999666213989,0.0,0.0,0.0,0.3333333432674408,0.0,0.0,24.0
ep00199_t0091_item004817,0,4817,199,80,11,91,0.024334242567420006,0.02600811794400215,0.041681546717882156,0.015673428773880005,0.01734730415046215,0.03006087802350521,0.061794403940439224,0.018130386248230934,0.019892621785402298,0.019892621785402298,,0.02923460677266121,0.039193153381347656,0.05369946360588074,0.057146936655044556,0.14463843405246735,0.01924736052751541,0.03253818675875664,1.6905272134452454,0.11599999666213989,0.0,0.0,0.0,0.3333333432674408,0.0,0.0,24.0
ep00199_t0092_item004817,0,4817,199,80,12,92,0.02294379658997059,0.02568243443965912,0.046084605157375336,0.020402170717716217,0.023140808567404747,0.027509383857250214,0.06994794309139252,0.01799774542450905,0.020232660695910454,0.020232660695910454,,0.026136364787817,0.0391402393579483,0.05900950729846954,0.056267011910676956,0.18432743847370148,0.02290298417210579,0.03403741493821144,1.4861563315258541,0.15466666221618652,0.0,0.0,0.0,0.3333333432674408,0.0,0.0,24.0
ep00199_t0093_item004817,0,4817,199,80,13,93,0.023754384368658066,0.028350310400128365,0.04530266299843788,0.016952352598309517,0.021548278629779816,0.029150644317269325,0.06879010796546936,0.017908437177538872,0.019857926294207573,0.019857926294207573,,0.03220425173640251,0.04055421054363251,0.06100840121507645,0.055351484566926956,0.18659083545207977,0.024500517174601555,0.032445333898067474,1.3242713885118274,0.15466666221618652,0.0,0.0,0.0,0.1666666716337204,0.0,0.0,24.0
ep00199_t0094_item004817,0,4817,199,80,14,94,0.023577256128191948,0.02845602296292782,0.02596008963882923,-0.002495933324098587,0.0023828335106372833,0.028889549896121025,0.03745853900909424,0.0178222693502903,0.019731763750314713,0.019731763750314713,,0.028419598937034607,0.04099515452980995,0.04212544858455658,0.054339319467544556,0.08160816133022308,0.0024294548202306032,0.0240388922393322,9.894768175623218,0.0,1.0,0.0,0.09090909361839294,0.25,0.0,0.0,24.0
ep00199_t0095_item004817,0,4817,199,80,15,95,0.023836325854063034,0.027923811227083206,0.025676842778921127,-0.002246968448162079,0.0018405169248580933,0.029422355815768242,0.03745764493942261,0.01778479851782322,0.019295576959848404,0.019295576959848404,,0.03162415325641632,0.03763518109917641,0.0421295203268528,0.052304815500974655,0.06755481660366058,0.004451827611774206,0.025420386344194412,5.710101235043896,0.0,0.0,0.0,0.0,0.25,0.0,0.0,24.0
ep00199_t0096_item004817,0,4817,199,80,16,96,0.022422831505537033,0.029025012627243996,0.02662733569741249,-0.002397676929831505,0.004204504191875458,0.02692277543246746,0.04069314897060394,0.017547888681292534,0.019008351489901543,0.019008351489901543,,0.031828612089157104,0.04212735965847969,0.04100647196173668,0.055320966988801956,0.07857929170131683,0.0035346022341400385,0.02602243237197399,7.36219541781204,0.0,0.0,0.0,0.0,0.25,0.0,0.0,24.0
ep00199_t0097_item004817,0,4817,199,80,17,97,0.02871667593717575,0.030759714543819427,0.02832011878490448,-0.0024395957589149475,-0.00039655715227127075,0.03902852535247803,0.04609191417694092,0.017545504495501518,0.018693728372454643,0.018693728372454643,,0.03442564606666565,0.045276764780282974,0.0366770476102829,0.10423225909471512,0.09341846406459808,0.003534605260938406,0.029073167592287064,8.225294041623307,0.0,0.0,0.0,0.0,0.25,0.0,0.0,24.0
ep00199_t0098_item004817,0,4817,199,80,18,98,0.021303560584783554,0.021671313792467117,0.024233538657426834,0.002562224864959717,0.00292997807264328,0.02436724118888378,0.03372844681143761,0.017984572798013687,0.01909046247601509,0.01909046247601509,,0.032892096787691116,0.04863368347287178,0.04271099343895912,0.03675280883908272,0.053898200392723083,0.0029156047385185957,0.02422495372593403,8.308723540572446,0.0,0.0,0.0,0.0,0.25,0.0,0.0,24.0
ep00199_t0099_item004817,0,4817,199,80,19,99,0.02210436761379242,0.026371963322162628,0.02420857548713684,-0.0021633878350257874,0.0021042078733444214,0.025769589468836784,0.03287671133875847,0.01813371293246746,0.019513333216309547,0.019513333216309547,,0.02661769464612007,0.04493657127022743,0.04067517817020416,0.058075934648513794,0.057476386427879333,0.001858014496974647,0.02295016683638096,12.351984806227332,0.0,0.0,0.0,0.0,0.25,0.0,0.0,24.0
ep00325_t0068_item007226,0,7226,325,68,0,68,0.025381941348314285,0.02771162986755371,0.031312089413404465,0.003600459545850754,0.0059301480650901794,0.03702469542622566,0.04719642549753189,0.022228697314858437,0.027010081335902214,0.027010081335902214,,0.037676528096199036,0.033523984253406525,0.04739278182387352,0.05004848167300224,0.0680767372250557,0.009056168608367443,0.028841111809015274,3.184692451769012,0.06111110374331474,0.0,0.0,0.0,0.0,0.0,0.0,48.0
ep00325_t0069_item007226,0,7226,325,68,1,69,0.023394020274281502,0.02490406669676304,0.028408991172909737,0.003504924476146698,0.005014970898628235,0.0294765867292881,0.04020112380385399,0.02174665778875351,0.02521529048681259,0.02521529048681259,,0.03664746135473251,0.035887397825717926,0.04551389440894127,0.03041415475308895,0.052731484174728394,0.00886275339871645,0.028207633644342422,3.1827167444857034,0.04999999329447746,0.0,0.0,0.0,0.0,0.0,0.0,48.0
ep00325_t0070_item007226,0,7226,325,68,2,70,0.021451180800795555,0.023797711357474327,0.026665551587939262,0.0028678402304649353,0.005214370787143707,0.02288896217942238,0.031727030873298645,0.02106177993118763,0.02529473602771759,0.02529473602771759,,0.03543772175908089,0.03739986568689346,0.045495472848415375,0.0328691191971302,0.050958920270204544,0.006526051089167595,0.024393705651164055,3.737896825793238,0.04444444179534912,0.0,0.0,0.0,0.0,0.0,0.0,48.0
ep00325_t0071_item007226,0,7226,325,68,3,71,0.022225935012102127,0.022692954167723656,0.026367750018835068,0.003674795851111412,0.004141815006732941,0.026882043108344078,0.03118971362709999,0.020964905619621277,0.025061801075935364,0.025061801075935364,,0.035455942153930664,0.03785492107272148,0.04520503431558609,0.037953007966279984,0.030563006177544594,0.007228925358504057,0.029547203332185745,4.087357645410825,0.03333333134651184,0.0,0.0,0.0,0.0,0.0,0.0,48.0
ep00325_t0072_item007226,0,7226,325,68,4,72,0.020519204437732697,0.02220478653907776,0.029600093141198158,0.0073953066021203995,0.009080888703465462,0.017485059797763824,0.04602079093456268,0.021340951323509216,0.025152822956442833,0.025152822956442833,,0.032917287200689316,0.03793502599000931,0.04916875436902046,0.03594021126627922,0.04423794150352478,0.007035261020064354,0.03303002566099167,4.69492540032147,0.02222222089767456,0.0,0.0,0.0,0.0,0.0,0.0,48.0
ep00325_t0073_item007226,0,7226,325,68,5,73,0.021683499217033386,0.022576676681637764,0.030491333454847336,0.007914656773209572,0.00880783423781395,0.023527218028903008,0.050544098019599915,0.021184159442782402,0.025060376152396202,0.025060376152396202,,0.03541979938745499,0.03701728582382202,0.050004709511995316,0.0376824252307415,0.04898850992321968,0.007388030178844929,0.03447975963354111,4.666976013751449,0.016666660085320473,0.0,0.0,0.0,0.1666666716337204,0.0,0.0,48.0
ep00325_t0074_item007226,0,7226,325,68,6,74,0.022271839901804924,0.023813696578145027,0.031278979033231735,0.007465282455086708,0.009007139131426811,0.02553720213472843,0.05253632366657257,0.02138746716082096,0.025521785020828247,0.025521785020828247,,0.03746863454580307,0.03514427691698074,0.04728662967681885,0.036569882184267044,0.05595160648226738,0.0045047951862216,0.03391070291399956,7.527690274958357,0.00555555010214448,0.0,0.0,0.0,0.1666666716337204,0.0,0.0,48.0
ep00325_t0075_item007226,0,7226,325,68,7,75,0.02228947915136814,0.0252991896122694,0.031296659260988235,0.005997469648718834,0.009007180109620094,0.023848285898566246,0.05118799954652786,0.021867303177714348,0.025909418240189552,0.025909418240189552,,0.03720773383975029,0.036223068833351135,0.0470241941511631,0.03332484886050224,0.05622117593884468,0.003960860893130302,0.034269992262125015,8.652157494741287,0.0,0.0,0.0,0.0,0.1666666716337204,0.0,0.0,48.0
ep00325_t0076_item007226,0,7226,325,68,8,76,0.021807724609971046,0.026336774230003357,0.03312196955084801,0.00678519532084465,0.01131424494087696,0.022638920694589615,0.06005163490772247,0.02158260904252529,0.025828516110777855,0.025828516110777855,,0.040276192128658295,0.037155281752347946,0.047749556601047516,0.032994240522384644,0.06326565146446228,0.002170250518247485,0.03454767167568207,15.918748266711582,0.0,0.0,0.0,0.0,0.0,0.0,0.0,48.0
ep00325_t0077_item007226,0,7226,325,68,9,77,0.022565273568034172,0.025685729458928108,0.03152426704764366,0.005838537588715553,0.00895899347960949,0.024698257446289062,0.05237473547458649,0.021987589076161385,0.02587726153433323,0.02587726153433323,,0.037686627358198166,0.03651375696063042,0.04414616525173187,0.03199530765414238,0.05772671103477478,0.003965707961469889,0.03512872755527496,8.858122659706519,0.0,0.0,0.0,0.0,0.1666666716337204,0.0,0.0,48.0
ep00325_t0078_item007226,0,7226,325,68,10,78,0.02256334014236927,0.02573813498020172,0.032925721257925034,0.007187586277723312,0.010362381115555763,0.02477136440575123,0.05831439793109894,0.021965332329273224,0.026049621403217316,0.026049621403217316,,0.038249384611845016,0.037569765001535416,0.049906253814697266,0.03314988687634468,0.05502082034945488,0.003968131262809038,0.03617110103368759,9.11539932479,0.0,0.0,0.0,0.0,0.0,0.0,0.0,48.0
ep00325_t0079_item007226,0,7226,325,68,11,79,0.023010771721601486,0.02612263709306717,0.032963741570711136,0.006841104477643967,0.00995296984910965,0.02786394953727722,0.059092774987220764,0.021696368232369423,0.025887131690979004,0.025887131690979004,,0.04115477576851845,0.03906693309545517,0.051103733479976654,0.03313971683382988,0.05429856851696968,0.0021775048226118088,0.03467094525694847,15.922327655450331,0.0,0.0,0.0,0.0,0.0,0.0,0.0,48.0
ep00325_t0080_item007226,0,7226,325,68,12,80,0.02338559925556183,0.026490308344364166,0.03177197650074959,0.005281668156385422,0.00838637724518776,0.028386732563376427,0.0530867762863636,0.02203112654387951,0.025999218225479126,0.025999218225479126,,0.040055178105831146,0.042038869112730026,0.050942886620759964,0.031254738569259644,0.04941067099571228,0.0021784105338156223,0.03366347402334213,15.45322770927776,0.0,0.0,0.0,0.0,0.0,0.0,0.0,48.0
ep00325_t0081_item007226,0,7226,325,68,13,81,0.022458640858530998,0.027533147484064102,0.032492347061634064,0.0049591995775699615,0.010033706203103065,0.024600761011242867,0.056568823754787445,0.021878482773900032,0.025971634313464165,0.025971634313464165,,0.04080786556005478,0.04333459585905075,0.053859174251556396,0.03170741721987724,0.048614501953125,0.0032712938264012337,0.03572256118059158,10.92000996434189,0.01111111044883728,0.0,0.0,0.0,0.0,0.0,0.0,48.0
ep00325_t0082_item007226,0,7226,325,68,14,82,0.022749686613678932,0.02749784290790558,0.030520938336849213,0.003023095428943634,0.0077712517231702805,0.02719752863049507,0.048833370208740234,0.021545061841607094,0.025561323389410973,0.025561323389410973,,0.042735323309898376,0.043851353228092194,0.05137161165475845,0.03425360843539238,0.03243746981024742,0.002568445634096861,0.03305791690945625,12.87078709029415,0.022222226485610008,0.0,0.0,0.0,0.0,0.0,0.0,48.0
ep00325_t0083_item007226,0,7226,325,68,15,83,0.02292606234550476,0.0259257722645998,0.029233526438474655,0.003307754173874855,0.006307464092969894,0.026897234842181206,0.041463110595941544,0.02185053564608097,0.025921350345015526,0.025921350345015526,,0.039642490446567535,0.042770519852638245,0.050823867321014404,0.03251919150352478,0.027620777487754822,0.004480073694139719,0.03347504884004593,7.4719862050112855,0.022222226485610008,0.0,0.0,0.0,0.0,0.0,0.0,48.0
ep00325_t0084_item007226,0,7226,325,68,16,84,0.02260866016149521,0.02614169381558895,0.02924880012869835,0.003107106313109398,0.00664013996720314,0.02642153948545456,0.04274671897292137,0.02157600410282612,0.025593115016818047,0.025593115016818047,,0.042399853467941284,0.04404108598828316,0.048879511654376984,0.03272264078259468,0.02973157726228237,0.0035803718492388725,0.03260667249560356,9.10706313997391,0.022222226485610008,0.0,0.0,0.0,0.0,0.0,0.0,48.0
ep00325_t0085_item007226,0,7226,325,68,17,85,0.023207522928714752,0.025179533287882805,0.029287341982126236,0.004107808694243431,0.006079819053411484,0.028614811599254608,0.04331352189183235,0.02174304984509945,0.025488585233688354,0.025488585233688354,,0.041714783757925034,0.042429275810718536,0.04813012108206749,0.03188340738415718,0.027203703299164772,0.005370223429054022,0.03443770483136177,6.412713602388804,0.022222226485610008,0.0,0.0,0.0,0.0,0.0,0.0,48.0
ep00325_t0086_item007226,0,7226,325,68,18,86,0.023805730044841766,0.02588343806564808,0.02910667285323143,0.003223234787583351,0.005300942808389664,0.030874015763401985,0.041383642703294754,0.021891402080655098,0.02578166127204895,0.02578166127204895,,0.04237859696149826,0.043583907186985016,0.04924722760915756,0.031483620405197144,0.025652393698692322,0.005367088131606579,0.034084659069776535,6.350679965371403,0.022222226485610008,0.0,0.0,0.0,0.0,0.0,0.0,48.0
ep00325_t0087_item007226,0,7226,325,68,19,87,0.024467933923006058,0.02536197192966938,0.029258091002702713,0.003896119073033333,0.004790157079696655,0.03425263240933418,0.041897717863321304,0.02181791327893734,0.025834858417510986,0.025834858417510986,,0.042972221970558167,0.040518734604120255,0.049079351127147675,0.032633114606142044,0.026212051510810852,0.00536402827128768,0.034042708575725555,6.346481944912143,0.022222226485610008,0.0,0.0,0.0,0.0,0.0,0.0,48.0
ep00474_t0135_item009635,1,9635,474,135,0,135,0.031008653342723846,0.03030036762356758,0.03408784046769142,0.0037874728441238403,0.003079187124967575,0.0601208433508873,0.0629536435008049,0.02534794993698597,0.028475046157836914,0.028475046157836914,,0.05273672565817833,0.06212989613413811,0.075289785861969,0.06249085068702698,0.08599277585744858,0.004935376346111298,0.03319757431745529,6.726452450503084,0.0234375,0.0,0.0,0.0,0.0,0.0,0.0,72.0
ep00474_t0136_item009635,1,9635,474,135,1,136,0.03198138624429703,0.03166299685835838,0.03470078855752945,0.0030377916991710663,0.002719402313232422,0.05174153298139572,0.05484456196427345,0.028139136731624603,0.030783943831920624,0.030783943831920624,,0.04977256804704666,0.06810406595468521,0.07569420337677002,0.07280426472425461,0.08766207844018936,0.004692140966653824,0.0349787175655365,7.4547456724177215,0.0234375,0.0,0.0,0.0,0.0,0.0,0.0,72.0
ep00474_t0137_item009635,1,9635,474,135,2,137,0.03119543567299843,0.03256557509303093,0.03574543073773384,0.0031798556447029114,0.004549995064735413,0.0452873632311821,0.06020466610789299,0.0284553375095129,0.030989468097686768,0.030989468097686768,,0.05003834515810013,0.06970085948705673,0.08030654489994049,0.07442017644643784,0.08736064285039902,0.003941723145544529,0.03455333039164543,8.766047009339633,0.0234375,0.0,0.0,0.0,0.0,0.0,0.0,72.0
ep00474_t0138_item009635,1,9635,474,135,3,138,0.031469494104385376,0.03165023401379585,0.035185232758522034,0.003534998744726181,0.0037157386541366577,0.04791491478681564,0.05359457805752754,0.02827177383005619,0.031605642288923264,0.031605642288923264,,0.050490718334913254,0.07057871669530869,0.08157070726156235,0.07780610024929047,0.0804850235581398,0.003941658418625593,0.033111754804849625,8.40046277180844,0.0234374962747097,0.0,0.0,0.0,0.0,0.0,0.0,72.0
ep00474_t0139_item009635,1,9635,474,135,4,139,0.0316535159945488,0.03150414675474167,0.034630559384822845,0.0031264126300811768,0.002977043390274048,0.049898095428943634,0.04999413713812828,0.028105953708291054,0.03164319694042206,0.03164319694042206,,0.05241195484995842,0.07072944194078445,0.07938404381275177,0.0767974928021431,0.08064372837543488,0.003963015973567963,0.03328734263777733,8.399497468542434,0.0234375037252903,0.0,0.0,0.0,0.0,0.0,0.0,72.0
ep00474_t0140_item009635,1,9635,474,135,5,140,0.03051832690834999,0.03239120543003082,0.03560502827167511,0.003213822841644287,0.005086701363325119,0.04148774594068527,0.05439824238419533,0.028385387733578682,0.03195079043507576,0.03195079043507576,,0.05079028382897377,0.07178046554327011,0.08184170722961426,0.07154694199562073,0.08168742060661316,0.0039137741550803185,0.03468666970729828,8.862716225532038,0.0234375,0.0,0.0,0.0,0.0,0.0,0.0,72.0
ep00474_t0141_item009635,1,9635,474,135,6,141,0.0319218784570694,0.032588571310043335,0.03488607704639435,0.002297505736351013,0.002964198589324951,0.05155587196350098,0.05104350298643112,0.028104159981012344,0.03174435719847679,0.03174435719847679,,0.05371803045272827,0.07026620954275131,0.08032071590423584,0.07652740925550461,0.08178508281707764,0.005410356447100639,0.035142138600349426,6.495346275970741,0.0234375,0.0,0.0,0.0,0.0,0.0,0.0,72.0
ep00474_t0142_item009635,1,9635,474,135,7,142,0.031237419694662094,0.03317144140601158,0.034479040652513504,0.0013075992465019226,0.00324162095785141,0.04688023775815964,0.04781072959303856,0.028195759281516075,0.03188677132129669,0.03188677132129669,,0.049828946590423584,0.0721585750579834,0.07854090631008148,0.07595368474721909,0.08150126039981842,0.004848632495850325,0.03451458364725113,7.118416105322531,0.0234375,0.0,0.0,0.0,0.0,0.0,0.0,72.0
ep00474_t0143_item009635,1,9635,474,135,8,143,0.031678587198257446,0.03198356181383133,0.03444066271185875,0.00245710089802742,0.002762075513601303,0.0500413179397583,0.04724476858973503,0.028108056634664536,0.03195097669959068,0.03195097669959068,,0.04998566955327988,0.06793505698442459,0.07765047997236252,0.07560120522975922,0.0858713835477829,0.005598921794444323,0.035089801996946335,6.267242745159455,0.0234374962747097,0.0,0.0,0.0,0.0,0.0,0.0,72.0
ep00474_t0144_item009635,1,9635,474,135,9,144,0.030931832268834114,0.032782409340143204,0.035756129771471024,0.00297372043132782,0.0048242975026369095,0.045366816222667694,0.057270269840955734,0.02812502719461918,0.03157282620668411,0.03157282620668411,,0.050668347626924515,0.07001353800296783,0.07703552395105362,0.0761566236615181,0.09456788748502731,0.004098118282854557,0.03517525643110275,8.583270175062228,0.0234375037252903,0.0,0.0,0.0,0.0,0.0,0.0,72.0
ep00474_t0145_item009635,1,9635,474,135,10,145,0.03141765668988228,0.03207694739103317,0.035059716552495956,0.002982769161462784,0.003642059862613678,0.04921906813979149,0.05228478088974953,0.027956273406744003,0.03171040117740631,0.03171040117740631,,0.05093337967991829,0.0678870901465416,0.07925128936767578,0.08024445176124573,0.08919475227594376,0.004098039120435715,0.0336771085858345,8.217859223914354,0.0234375,0.0,0.0,0.0,0.0,0.0,0.0,72.0
ep00474_t0146_item009635,1,9635,474,135,11,146,0.0314914807677269,0.03287532180547714,0.03507840260863304,0.002203080803155899,0.003586921840906143,0.05012604221701622,0.05274129658937454,0.02786809206008911,0.03164394944906235,0.03164394944906235,,0.052535269409418106,0.06936776638031006,0.07870718091726303,0.07883148640394211,0.09042154997587204,0.0052709118463099,0.03483709320425987,6.6093105367810105,0.0234375,0.0,0.0,0.0,0.0,0.0,0.0,72.0
ep00474_t0147_item009635,1,9635,474,135,12,147,0.03120107389986515,0.03185156732797623,0.03616774082183838,0.004316173493862152,0.0049666669219732285,0.04801253601908684,0.05917482450604439,0.0279321800917387,0.031694140285253525,0.031694140285253525,,0.04877307638525963,0.06527195125818253,0.08046723902225494,0.07718200981616974,0.09599711000919342,0.004897283855825663,0.035366445779800415,7.221645063054605,0.0234375,0.0,0.0,0.0,0.0,0.0,0.0,72.0
ep00474_t0148_item009635,1,9635,474,135,13,148,0.031076466664671898,0.03242132440209389,0.035840071737766266,0.0034187473356723785,0.004763605073094368,0.04823826998472214,0.055254314094781876,0.027739448472857475,0.03206507861614227,0.03206507861614227,,0.048489928245544434,0.0689808800816536,0.0822010412812233,0.07850800454616547,0.0917917862534523,0.00340670975856483,0.03411034494638443,10.01269475940162,0.0234375,0.0,0.0,0.0,0.0,0.0,0.0,72.0
ep00474_t0149_item009635,1,9635,474,135,14,149,0.03083631582558155,0.032331861555576324,0.03531798720359802,0.002986125648021698,0.004481671378016472,0.04705753177404404,0.05096535012125969,0.027682188898324966,0.03227544575929642,0.03227544575929642,,0.050143301486968994,0.06952250748872757,0.08143455535173416,0.0801849439740181,0.08389385044574738,0.003860149998217821,0.033260297030210495,8.616322434508069,0.0234375,0.0,0.0,0.0,0.0,0.0,0.0,72.0
ep00474_t0150_item009635,1,9635,474,135,15,150,0.031429413706064224,0.03248012438416481,0.0348537415266037,0.0023736171424388885,0.0034243278205394745,0.05151315778493881,0.049226101487874985,0.02752424031496048,0.032059118151664734,0.032059118151664734,,0.05377110466361046,0.06864453852176666,0.07938827574253082,0.08066406846046448,0.08644816279411316,0.0031097112223505974,0.03264975920319557,10.499289763155554,0.0234375,0.0,0.0,0.0,0.0,0.0,0.0,72.0
ep00474_t0151_item009635,1,9635,474,135,16,151,0.030598295852541924,0.03254740312695503,0.03626113757491112,0.003713734447956085,0.005662841722369194,0.04572533816099167,0.05839720368385315,0.027656925842165947,0.03195689991116524,0.03195689991116524,,0.04952898249030113,0.06959109753370285,0.08245961368083954,0.07946472615003586,0.08970439434051514,0.0028526426758617163,0.03354596346616745,11.759609344003803,0.0234375,0.0,0.0,0.0,0.0,0.0,0.0,72.0
ep00474_t0152_item009635,1,9635,474,135,17,152,0.0300393495708704,0.032717395573854446,0.035137154161930084,0.002419758588075638,0.005097804591059685,0.04115336760878563,0.0503096841275692,0.02787829376757145,0.03218694403767586,0.03218694403767586,,0.051249317824840546,0.06859161704778671,0.07680477201938629,0.07429046928882599,0.08969523012638092,0.002852566074579954,0.03344065323472023,11.72300741171944,0.0234375,0.0,0.0,0.0,0.0,0.0,0.0,72.0
ep00474_t0153_item009635,1,9635,474,135,18,153,0.03119988739490509,0.031749382615089417,0.034898821264505386,0.00314943864941597,0.003698933869600296,0.04918358102440834,0.050316840410232544,0.0277030598372221,0.03190087527036667,0.03190087527036667,,0.04952477663755417,0.06811945140361786,0.07884573936462402,0.07895813882350922,0.0909830778837204,0.003880612086504698,0.03436599671840668,8.85581860601801,0.0234375,0.0,0.0,0.0,0.0,0.0,0.0,72.0
ep00474_t0154_item009635,1,9635,474,135,19,154,0.03038790263235569,0.03296366333961487,0.036550167948007584,0.0035865046083927155,0.006162265315651894,0.044166695326566696,0.06173298507928848,0.027708694338798523,0.0316535085439682,0.0316535085439682,,0.05049361661076546,0.06835762411355972,0.08244524896144867,0.07769013196229935,0.09675700962543488,0.004062325228005648,0.03619909659028053,8.91093020832605,0.0234375,0.0,0.0,0.0,0.0,0.0,0.0,72.0
ep00593_t0030_item012044,1,12044,593,30,0,30,0.030037716031074524,0.030423974618315697,0.03450736030936241,0.004083385691046715,0.004469644278287888,0.043363869190216064,0.04449117183685303,0.026582784950733185,0.033213160932064056,0.033213160932064056,,0.03865283727645874,0.05117814615368843,0.06653983145952225,0.08578328788280487,0.09052316844463348,0.009691324084997177,0.03340011090040207,3.446392939444435,0.026262624189257622,0.0,0.0,0.0,0.0,0.0,0.0,108.0
ep00593_t0031_item012044,1,12044,593,30,1,31,0.025067981332540512,0.030256733298301697,0.03475780785083771,0.004501074552536011,0.009689826518297195,0.037392497062683105,0.04540524259209633,0.021872736513614655,0.03337758779525757,0.03337758779525757,,0.03505318984389305,0.04937085881829262,0.05762429162859917,0.04752211272716522,0.10266360640525818,0.00850056204944849,0.03565090149641037,4.193946387194877,0.026262624189257622,0.0,0.0,0.0,0.0,0.0,0.0,108.0
ep00593_t0032_item012044,1,12044,593,30,2,32,0.02553252875804901,0.030374998226761818,0.03486906364560127,0.004494065418839455,0.009336534887552261,0.040491729974746704,0.05076942220330238,0.021654220297932625,0.032807912677526474,0.032807912677526474,,0.03959767520427704,0.054627418518066406,0.05661877244710922,0.05609511584043503,0.11158584803342819,0.005881233140826225,0.03420798107981682,5.816464040908793,0.0,0.0,0.0,0.0,0.0,0.0,0.0,108.0
ep00593_t0033_item012044,1,12044,593,30,3,33,0.025166280567646027,0.030384764075279236,0.03430517017841339,0.003920406103134155,0.009138889610767365,0.030847394838929176,0.04710680991411209,0.024429840967059135,0.03264569863677025,0.03264569863677025,,0.035776566714048386,0.05821102857589722,0.05818676948547363,0.07425203919410706,0.1027548760175705,0.005851109046489,0.03296946734189987,5.6347381462123725,0.0,0.0,0.0,0.0,0.0,0.0,0.0,108.0
ep00593_t0034_item012044,1,12044,593,30,4,34,0.023319169878959656,0.02896777167916298,0.03137945756316185,0.002411685883998871,0.008060287684202194,0.03384670615196228,0.04429981857538223,0.02195448987185955,0.029704593122005463,0.029704593122005463,,0.03726568818092346,0.056742798537015915,0.054906755685806274,0.04406986013054848,0.07845178246498108,0.005354932509362698,0.030283205211162567,5.65519829768436,0.0,0.0,0.0,0.0,0.0,0.0,0.0,108.0
ep00593_t0035_item012044,1,12044,593,30,5,35,0.02320096641778946,0.028310567140579224,0.030676033347845078,0.002365466207265854,0.007475066930055618,0.029876653105020523,0.04605204239487648,0.02233560010790825,0.02868284471333027,0.02868284471333027,,0.03683266043663025,0.05496429651975632,0.050867896527051926,0.04041023552417755,0.0784073919057846,0.005641419440507889,0.03028632141649723,5.368564017599549,0.0,0.0,0.0,0.0,0.0,0.0,0.0,108.0
ep00593_t0036_item012044,1,12044,593,30,6,36,0.023871880024671555,0.028228754177689552,0.030209960415959358,0.001981206238269806,0.006338080391287804,0.03393867611885071,0.04776125028729439,0.02256692387163639,0.027934791520237923,0.027934791520237923,,0.03871230408549309,0.053175587207078934,0.04837819188833237,0.03943367302417755,0.07672060281038284,0.005134303122758865,0.030854180455207825,6.009419334522782,0.0,0.0,0.0,0.0,0.0,0.0,0.0,108.0
ep00593_t0037_item012044,1,12044,593,30,7,37,0.02350999042391777,0.02801060490310192,0.0295176412910223,0.0015070363879203796,0.00600765086710453,0.031004976481199265,0.04647150635719299,0.02253841608762741,0.02731991745531559,0.02731991745531559,,0.03848763555288315,0.05078829452395439,0.04522455856204033,0.03652617707848549,0.07432358711957932,0.005521238315850496,0.031183725222945213,5.647958562741671,0.0,0.0,0.0,0.0,0.0,0.0,0.0,108.0
ep00593_t0038_item012044,1,12044,593,30,8,38,0.023953089490532875,0.027828840538859367,0.029360994696617126,0.001532154157757759,0.005407905206084251,0.035191405564546585,0.0474645234644413,0.02249627374112606,0.027014238759875298,0.027014238759875298,,0.03867441788315773,0.04916565865278244,0.04611826688051224,0.0375693254172802,0.07148268073797226,0.0054718852043151855,0.030823227018117905,5.63301784800061,0.0,0.0,0.0,0.0,0.0,0.0,0.0,108.0
ep00593_t0039_item012044,1,12044,593,30,9,39,0.02321632206439972,0.028140125796198845,0.030140433460474014,0.0020003076642751694,0.006924111396074295,0.031992532312870026,0.05319807678461075,0.02207866497337818,0.027151478454470634,0.027151478454470634,,0.036217521876096725,0.04781124368309975,0.04639246314764023,0.03847930207848549,0.07734204828739166,0.005348340142518282,0.03166719526052475,5.920938911266432,0.0,0.0,0.0,0.0,0.0,0.0,0.0,108.0
ep00593_t0040_item012044,1,12044,593,30,10,40,0.023388057947158813,0.02798186056315899,0.02966657094657421,0.0016847103834152222,0.006278512999415398,0.035039521753787994,0.04941324517130852,0.021877683699131012,0.027106817811727524,0.027106817811727524,,0.036026231944561005,0.04518890753388405,0.04395245760679245,0.039535269141197205,0.07849617302417755,0.0042963107116520405,0.031146567314863205,7.249607722828445,0.0,0.0,0.0,0.0,0.0,0.0,0.0,108.0
ep00593_t0041_item012044,1,12044,593,30,11,41,0.023406337946653366,0.02721472457051277,0.02945678122341633,0.002242056652903557,0.006050443276762962,0.03435487672686577,0.05070792883634567,0.021987082436680794,0.026702003553509712,0.026702003553509712,,0.03572961315512657,0.04305099695920944,0.042952634394168854,0.03931332379579544,0.07623232156038284,0.00445181131362915,0.030861567705869675,6.932362027875591,0.0,0.0,0.0,0.0,0.0,0.0,0.0,108.0
ep00593_t0042_item012044,1,12044,593,30,12,42,0.022901521995663643,0.027158651500940323,0.029266351833939552,0.0021077003329992294,0.006364829838275909,0.031714800745248795,0.04947540909051895,0.02175905741751194,0.026646660640835762,0.026646660640835762,,0.034483082592487335,0.04103410616517067,0.04215296357870102,0.03975721821188927,0.07554429024457932,0.005139410030096769,0.029959583654999733,5.829381870594907,0.0,0.0,0.0,0.0,0.0,0.0,0.0,108.0
ep00593_t0043_item012044,1,12044,593,30,13,43,0.02304002270102501,0.02683170698583126,0.02909117005765438,0.00225946307182312,0.006051147356629372,0.034716106951236725,0.04884945973753929,0.021526455879211426,0.026529908180236816,0.026529908180236816,,0.03343162685632706,0.04040326178073883,0.04263162612915039,0.04168814793229103,0.07219289988279343,0.004789477679878473,0.02979251556098461,6.220410147467387,0.0,0.0,0.0,0.0,0.0,0.0,0.0,108.0
ep00593_t0044_item012044,1,12044,593,30,14,44,0.023060692474246025,0.02693450078368187,0.028193220496177673,0.0012587197124958038,0.005132528021931648,0.033498238772153854,0.042292386293411255,0.021707678213715553,0.026365550234913826,0.026365550234913826,,0.03282402828335762,0.04001832753419876,0.04250109940767288,0.04178629815578461,0.0649796649813652,0.0049328310415148735,0.029077131301164627,5.894613266996275,0.0,0.0,0.0,0.0,0.0,0.0,0.0,108.0
ep00593_t0045_item012044,1,12044,593,30,15,45,0.022261420264840126,0.02646564692258835,0.02795547805726528,0.0014898311346769333,0.005694057792425156,0.03060915879905224,0.04045308381319046,0.021179307252168655,0.026335416361689568,0.026335416361689568,,0.030727192759513855,0.038453735411167145,0.040953390300273895,0.037826284766197205,0.06318189948797226,0.004660581238567829,0.0289089847356081,6.2028711132373,0.0,0.0,0.0,0.0,0.0,0.0,0.0,108.0
ep00593_t0046_item012044,1,12044,593,30,16,46,0.02234170399606228,0.026556719094514847,0.028549909591674805,0.001993190497159958,0.006208205595612526,0.030520807951688766,0.0465908981859684,0.021281452849507332,0.026211261749267578,0.026211261749267578,,0.030309531837701797,0.03836093842983246,0.04027344658970833,0.03851431980729103,0.07001783698797226,0.004503211937844753,0.028935125097632408,6.425441550832454,0.0,0.0,0.0,0.0,0.0,0.0,0.0,108.0
ep00593_t0047_item012044,1,12044,593,30,17,47,0.022336672991514206,0.025965377688407898,0.02828151360154152,0.002316135913133621,0.005944840610027313,0.031732287257909775,0.04444555193185806,0.02111872285604477,0.026186171919107437,0.026186171919107437,,0.029922664165496826,0.03711708262562752,0.03823327273130417,0.038492124527692795,0.0683976262807846,0.00352785037830472,0.028934774920344353,8.201814651291624,0.0,0.0,0.0,0.0,0.0,0.0,0.0,108.0
ep00593_t0048_item012044,1,12044,593,30,18,48,0.022930633276700974,0.026121506467461586,0.027581004425883293,0.0014594979584217072,0.00465037114918232,0.03347187116742134,0.03989875689148903,0.02156417816877365,0.025984259322285652,0.025984259322285652,,0.030611377209424973,0.038609035313129425,0.03890829533338547,0.03957965970039368,0.0627823993563652,0.0029665722977370024,0.02853040210902691,9.61729539873032,0.0,0.0,0.0,0.0,0.0,0.0,0.0,108.0
ep00593_t0049_item012044,1,12044,593,30,19,49,0.022651735693216324,0.02642619051039219,0.02768804505467415,0.0012618545442819595,0.005036309361457825,0.03358474373817444,0.039678242057561874,0.02123449184000492,0.026133762672543526,0.026133762672543526,,0.029929568991065025,0.03956034034490585,0.039097368717193604,0.038736265152692795,0.06315970420837402,0.0026852604933083057,0.028529440984129906,10.624459360730752,0.0,0.0,0.0,0.0,0.0,0.0,0.0,108.0
ep00702_t0002_item014452,1,14452,702,2,0,2,0.03838666155934334,0.037092939019203186,0.03436999022960663,-0.0027229487895965576,-0.00401667132973671,0.04536472633481026,0.04792320355772972,0.029567161574959755,0.031922876834869385,0.031922876834869385,,0.0367903895676136,0.05132811516523361,0.04016813263297081,0.05142644792795181,0.11209525167942047,0.03971795365214348,0.05433700233697891,1.3680715480175922,0.18333332240581512,0.0,0.0,0.0,0.0,0.0,0.0,72.0
ep00702_t0003_item014452,1,14452,702,2,1,3,0.03697387874126434,0.03526934236288071,0.03338415548205376,-0.00188518688082695,-0.0035897232592105865,0.04305142164230347,0.03837689384818077,0.03038986586034298,0.03248269110918045,0.03248269110918045,,0.03818386420607567,0.052511703222990036,0.04077516123652458,0.052030548453330994,0.10931573808193207,0.039084166288375854,0.05113253742456436,1.3082673184657863,0.18333332240581512,0.0,0.0,0.0,0.0,0.0,0.0,72.0
ep00702_t0004_item014452,1,14452,702,2,2,4,0.04152745008468628,0.03752410039305687,0.033082932233810425,-0.004441168159246445,-0.008444517850875854,0.05404210835695267,0.041297219693660736,0.027969906106591225,0.03159979358315468,0.03159979358315468,,0.03735293075442314,0.054121166467666626,0.043181657791137695,0.06678584963083267,0.10053901374340057,0.03381438925862312,0.046351782977581024,1.3707709644869808,0.13333332538604736,0.0,0.0,0.0,0.0,0.0,0.0,72.0
ep00702_t0005_item014452,1,14452,702,2,3,5,0.0389486588537693,0.03378160670399666,0.03352190554141998,-0.0002597011625766754,-0.0054267533123493195,0.050407811999320984,0.04004799947142601,0.02653457224369049,0.032343585044145584,0.032343585044145584,,0.03910534083843231,0.05347403883934021,0.044727571308612823,0.035452499985694885,0.10055287182331085,0.03071361407637596,0.04358968883752823,1.4192302061598208,0.09999999403953552,0.0,0.0,0.0,0.0,0.0,0.0,72.0
ep00702_t0006_item014452,1,14452,702,2,4,6,0.02848523110151291,0.03261007368564606,0.0333973653614521,0.0007872916758060455,0.004912134259939194,0.02913559414446354,0.041701771318912506,0.02801552414894104,0.03189796209335327,0.03189796209335327,,0.043008916079998016,0.053615447133779526,0.043783001601696014,0.0424729660153389,0.09879951179027557,0.02925221435725689,0.04214978590607643,1.440909238230709,0.0833333283662796,0.0,0.0,0.0,0.0,0.0,0.0,72.0
ep00702_t0007_item014452,1,14452,702,2,5,7,0.0314304418861866,0.03155982121825218,0.03215968608856201,0.0005998648703098297,0.000729244202375412,0.037166714668273926,0.03958291560411453,0.027287574484944344,0.030819382518529892,0.030819382518529892,,0.040229808539152145,0.04873502254486084,0.04174453392624855,0.08068960160017014,0.09309463202953339,0.02549867145717144,0.03950319066643715,1.5492254462271984,0.06666666269302368,0.0,0.0,0.0,0.0,0.0,0.0,72.0
ep00702_t0008_item014452,1,14452,702,2,6,8,0.03257598355412483,0.028470419347286224,0.033034857362508774,0.0045644380152225494,0.00045887380838394165,0.04075673967599869,0.04131687059998512,0.02666766382753849,0.031539492309093475,0.031539492309093475,,0.04661852866411209,0.04024958610534668,0.047377679497003555,0.04903193935751915,0.10262756049633026,0.022820016369223595,0.03967566415667534,1.738634342532035,0.06666666269302368,0.0,0.0,0.0,0.0,0.0,0.0,72.0
ep00702_t0009_item014452,1,14452,702,2,7,9,0.02631467953324318,0.029292814433574677,0.03336696699261665,0.004074152559041977,0.007052287459373474,0.025072110816836357,0.03998875617980957,0.02698773704469204,0.03217136487364769,0.03217136487364769,,0.044893451035022736,0.03275151923298836,0.050966452807188034,0.04402652382850647,0.1037035584449768,0.028439976274967194,0.04326382651925087,1.5212328625369353,0.0833333283662796,0.0,0.0,0.0,0.0,0.0,0.0,72.0
ep00702_t0010_item014452,1,14452,702,2,8,10,0.030255742371082306,0.02862544357776642,0.030188290402293205,0.0015628468245267868,-6.745196878910065e-05,0.03874669224023819,0.044040877372026443,0.025656476616859436,0.027687130495905876,0.027687130495905876,,0.04516449198126793,0.035206958651542664,0.049803514033555984,0.08018121123313904,0.07017619907855988,0.024870378896594048,0.04006718844175339,1.6110405317242882,0.0833333283662796,0.0,0.0,0.0,0.0,0.0,0.0,72.0
ep00702_t0011_item014452,1,14452,702,2,9,11,0.02471398375928402,0.023280737921595573,0.030870622023940086,0.007589884102344513,0.006156638264656067,0.023471124470233917,0.042865950614213943,0.025162793695926666,0.028704801574349403,0.028704801574349403,,0.04436911642551422,0.03629416972398758,0.050644271075725555,0.0455496683716774,0.08092983067035675,0.02470918744802475,0.04061228409409523,1.6436106682796554,0.0833333283662796,0.0,0.0,0.0,0.0,0.0,0.0,72.0
ep00702_t0012_item014452,1,14452,702,2,10,12,0.02223317325115204,0.02431122213602066,0.03110458143055439,0.0067933592945337296,0.008871408179402351,0.020459890365600586,0.0477445162832737,0.022873524576425552,0.02810014598071575,0.02810014598071575,,0.03453027456998825,0.03429386764764786,0.049610406160354614,0.04478209465742111,0.07850368320941925,0.023466510698199272,0.038900308310985565,1.6576946104718766,0.0833333283662796,0.0,0.0,0.0,0.0,0.0,0.0,72.0
ep00702_t0013_item014452,1,14452,702,2,11,13,0.026713572442531586,0.02412291057407856,0.03139856085181236,0.007275650277733803,0.004684988409280777,0.03743927925825119,0.053338173776865005,0.022840401157736778,0.02743724174797535,0.02743724174797535,,0.038024917244911194,0.03374985232949257,0.04929652437567711,0.08234469592571259,0.08002154529094696,0.02019556611776352,0.03526013717055321,1.7459345761810194,0.0833333283662796,0.0,0.0,0.0,0.0,0.0,0.0,72.0
ep00702_t0014_item014452,1,14452,702,2,12,14,0.02685532718896866,0.024853823706507683,0.032076675444841385,0.007222851738333702,0.0052213482558727264,0.03643900901079178,0.05623239278793335,0.023394551128149033,0.027715226635336876,0.027715226635336876,,0.04066164046525955,0.03559445962309837,0.05586208775639534,0.06265783309936523,0.08051745593547821,0.017624782398343086,0.034816473722457886,1.9754271534002596,0.0833333283662796,0.0,0.0,0.0,0.0,0.0,0.0,72.0
ep00702_t0015_item014452,1,14452,702,2,13,15,0.021929079666733742,0.02511746808886528,0.033483073115348816,0.008365605026483536,0.011553993448615074,0.023699389770627022,0.06328507512807846,0.021609440445899963,0.028102152049541473,0.028102152049541473,,0.03635840862989426,0.03885895758867264,0.05765366926789284,0.04538701847195625,0.09218661487102509,0.018836945295333862,0.03409857675433159,1.8101967288070968,0.0833333283662796,0.0,0.0,0.0,0.0,0.0,0.0,72.0
ep00702_t0016_item014452,1,14452,702,2,14,16,0.020336942747235298,0.023054221644997597,0.032382458448410034,0.009328236803412437,0.012045515701174736,0.025485996156930923,0.06820163130760193,0.019407251849770546,0.025915108621120453,0.025915108621120453,,0.02677937224507332,0.03797853738069534,0.05842834711074829,0.045199204236269,0.08154742419719696,0.013402852229773998,0.03153485432267189,2.352846527145785,0.06666666269302368,0.0,0.0,0.0,0.0,0.0,0.0,72.0
ep00702_t0017_item014452,1,14452,702,2,15,17,0.019788827747106552,0.02337607368826866,0.03185940906405449,0.008483335375785828,0.012070581316947937,0.023963868618011475,0.06859816610813141,0.01903500221669674,0.02522602304816246,0.02522602304816246,,0.028064394369721413,0.04402633756399155,0.058077555149793625,0.04317735508084297,0.07712237536907196,0.010457607917487621,0.03165329247713089,3.0268195869343137,0.06666666269302368,0.0,0.0,0.0,0.0,0.0,0.0,72.0
ep00702_t0018_item014452,1,14452,702,2,16,18,0.021169399842619896,0.024682821705937386,0.031241487711668015,0.006558666005730629,0.010072087869048119,0.025726212188601494,0.06560105830430984,0.020346641540527344,0.025037676095962524,0.025037676095962524,,0.03453340381383896,0.0506943054497242,0.06145113706588745,0.04476379230618477,0.0603434257209301,0.009610019624233246,0.033524200320243835,3.488463253051747,0.06666666269302368,0.0,0.0,0.0,0.0,0.0,0.0,72.0
ep00702_t0019_item014452,1,14452,702,2,17,19,0.02158830314874649,0.02457735873758793,0.03134334832429886,0.00676598958671093,0.009755045175552368,0.024472791701555252,0.06528894603252411,0.02106749266386032,0.02521428093314171,0.02521428093314171,,0.038343481719493866,0.045017775148153305,0.06134505942463875,0.04476093128323555,0.061827342957258224,0.00905903335660696,0.03371003270149231,3.721151184072726,0.06666666269302368,0.0,0.0,0.0,0.0,0.0,0.0,72.0
ep00702_t0020_item014452,1,14452,702,2,18,20,0.020033298060297966,0.025008779019117355,0.03066910058259964,0.0056603215634822845,0.010635802522301674,0.02101796865463257,0.06509337574243546,0.01985551044344902,0.024453606456518173,0.024453606456518173,,0.032918550074100494,0.04148600623011589,0.05605108290910721,0.04332183673977852,0.06538455188274384,0.009333214722573757,0.032459236681461334,3.477819555887199,0.06666666269302368,0.0,0.0,0.0,0.0,0.0,0.0,72.0
ep00702_t0021_item014452,1,14452,702,2,19,21,0.020561765879392624,0.02511337585747242,0.031003642827272415,0.005890266969799995,0.010441876947879791,0.02265651896595955,0.0647968202829361,0.020183546468615532,0.024902096018195152,0.024902096018195152,,0.034099940210580826,0.04115024581551552,0.06080368906259537,0.04387115314602852,0.06173960492014885,0.008394512347877026,0.03324061259627342,3.9598026923719973,0.06666666269302368,0.0,0.0,0.0,0.0,0.0,0.0,72.0
ep00799_t0165_item016861,1,16861,799,165,0,165,0.028668293729424477,0.025177083909511566,0.03370920196175575,0.008532118052244186,0.005040908232331276,0.046715591102838516,0.057638268917798996,0.009117059409618378,0.0077860429883003235,0.0077860429883003235,,0.02860865741968155,0.02104278653860092,0.06573852151632309,0.0815226212143898,0.0850016251206398,0.013781242072582245,0.029669269919395447,2.152873432099593,0.0,0.0,0.0,0.0,0.3333333432674408,0.0,0.0,12.0
ep00799_t0166_item016861,1,16861,799,165,1,166,0.027961067855358124,0.025217819958925247,0.031039835885167122,0.005822015926241875,0.003078768029808998,0.04696345329284668,0.052679914981126785,0.007375148590654135,0.007596420589834452,0.007596420589834452,,0.02463575452566147,0.012779943645000458,0.04766935855150223,0.0709025040268898,0.0833333358168602,0.009843740612268448,0.026854239404201508,2.728052318925647,0.0,0.0,0.0,0.0,0.3333333432674408,0.0,0.0,12.0
ep00799_t0167_item016861,1,16861,799,165,2,167,0.027293415740132332,0.02732754312455654,0.029548974707722664,0.0022214315831661224,0.002255558967590332,0.04562075436115265,0.049776215106248856,0.007438796106725931,0.007636132184416056,0.007636132184416056,,0.025480352342128754,0.02493271976709366,0.029750175774097443,0.0701497420668602,0.08544921875,0.009843740612268448,0.031086526811122894,3.157999386166184,0.0,0.0,0.0,0.0,0.3333333432674408,0.0,0.0,12.0
ep00799_t0168_item016861,1,16861,799,165,3,168,0.026288814842700958,0.02695717290043831,0.030535902827978134,0.0035787299275398254,0.004247087985277176,0.04310023784637451,0.0515805222094059,0.008076436817646027,0.007737569510936737,0.007737569510936737,,0.02567451447248459,0.02497253566980362,0.03774426132440567,0.0705362930893898,0.0855509415268898,0.009843745268881321,0.029481172561645508,2.9949142075875614,0.0,0.0,0.0,0.0,0.3333333432674408,0.0,0.0,12.0
ep00799_t0169_item016861,1,16861,799,165,4,169,0.0272076278924942,0.027908682823181152,0.031717393547296524,0.0038087107241153717,0.004509765654802322,0.045009635388851166,0.05378321558237076,0.00792212039232254,0.007812750525772572,0.007812750525772572,,0.028992928564548492,0.03313753753900528,0.048701390624046326,0.07305908203125,0.0838623046875,0.013781243935227394,0.031192755326628685,2.2634208837196668,0.0,0.0,0.0,0.0,0.3333333432674408,0.0,0.0,12.0
ep00799_t0170_item016861,1,16861,799,165,5,170,0.028293147683143616,0.027540840208530426,0.03269128501415253,0.005150444805622101,0.004398137331008911,0.0474839061498642,0.05536710470914841,0.00750315934419632,0.008125814609229565,0.008125814609229565,,0.030118264257907867,0.028409607708454132,0.05844090133905411,0.0731201171875,0.0820719376206398,0.013781244866549969,0.029346637427806854,2.1294620124657553,0.0,0.0,0.0,0.0,0.3333333432674408,0.0,0.0,12.0
ep00799_t0171_item016861,1,16861,799,165,6,171,0.02788129821419716,0.025522718206048012,0.03282054513692856,0.007297826930880547,0.0049392469227313995,0.04697179049253464,0.055789727717638016,0.007199935615062714,0.007937264628708363,0.007937264628708363,,0.026560969650745392,0.018859900534152985,0.05455789715051651,0.0758870467543602,0.08221435546875,0.015749990940093994,0.03261640667915344,2.070884154994872,0.0,0.0,0.0,0.0,0.3333333432674408,0.0,0.0,12.0
ep00799_t0172_item016861,1,16861,799,165,7,172,0.026992153376340866,0.024305924773216248,0.03289065510034561,0.008584730327129364,0.0058985017240047455,0.04522363841533661,0.055563054978847504,0.007241380866616964,0.00832888763397932,0.00832888763397932,,0.023681260645389557,0.016251511871814728,0.05460137873888016,0.0727742537856102,0.0832112655043602,0.011812491342425346,0.028866935521364212,2.443763528332647,0.0,0.0,0.0,0.0,0.3333333432674408,0.0,0.0,12.0
ep00799_t0173_item016861,1,16861,799,165,8,173,0.026499547064304352,0.027057871222496033,0.030159398913383484,0.003101527690887451,0.003659851849079132,0.04406174272298813,0.05040622502565384,0.007473833858966827,0.008225333876907825,0.008225333876907825,,0.02529498189687729,0.03309864550828934,0.042408064007759094,0.0676066055893898,0.0809529647231102,0.011770373210310936,0.03049532324075699,2.590854401629581,0.0,0.0,0.0,0.0,0.3333333432674408,0.0,0.0,12.0
ep00799_t0174_item016861,1,16861,799,165,9,174,0.026058077812194824,0.02668263018131256,0.02921118587255478,0.002528555691242218,0.003153108060359955,0.04313107579946518,0.04822653904557228,0.007562331855297089,0.008611214347183704,0.008611214347183704,,0.024160034954547882,0.034580297768116,0.03803794085979462,0.069580078125,0.0806884765625,0.007832876406610012,0.029146723449230194,3.7210753669793437,0.0,0.0,0.0,0.0,0.3333333432674408,0.0,0.0,12.0
ep00799_t0175_item016861,1,16861,799,165,10,175,0.025712260976433754,0.02546355314552784,0.028305156156420708,0.002841603010892868,0.0025928951799869537,0.042336270213127136,0.04677359759807587,0.007702919188886881,0.008297674357891083,0.008297674357891083,,0.02286151796579361,0.023027844727039337,0.03032843768596649,0.0684814453125,0.0800577774643898,0.0058641256764531136,0.029931126162409782,5.104107212878403,0.0,0.0,0.0,0.0,0.3333333432674408,0.0,0.0,12.0
ep00799_t0176_item016861,1,16861,799,165,11,176,0.025032926350831985,0.026067232713103294,0.02745395340025425,0.0013867206871509552,0.002421027049422264,0.04075116291642189,0.04459524154663086,0.008004836738109589,0.008884224109351635,0.008884224109351635,,0.022562064230442047,0.03184894472360611,0.02909781038761139,0.0645955428481102,0.0815226212143898,0.00980162713676691,0.03289047256112099,3.3556135223452284,0.0,0.0,0.0,0.0,0.3333333432674408,0.0,0.0,12.0
ep00799_t0177_item016861,1,16861,799,165,12,177,0.025061191990971565,0.025777649134397507,0.026855189353227615,0.0010775402188301086,0.0017939973622560501,0.04088926315307617,0.04383336752653122,0.007914118468761444,0.008462163619697094,0.008462163619697094,,0.021620221436023712,0.027764953672885895,0.0199652761220932,0.0677897110581398,0.0830281600356102,0.00980162713676691,0.031907819211483,3.2553594180086174,0.0,0.0,0.0,0.0,0.3333333432674408,0.0,0.0,12.0
ep00799_t0178_item016861,1,16861,799,165,13,178,0.02463286928832531,0.026051979511976242,0.026712920516729355,0.0006609410047531128,0.002080051228404045,0.039882585406303406,0.04341917857527733,0.008112343959510326,0.008614473044872284,0.008614473044872284,,0.023105688393115997,0.03257376700639725,0.018620237708091736,0.0637613907456398,0.0863037109375,0.009801631793379784,0.03233390673995018,3.2988289523168115,0.0,0.0,0.0,0.0,0.3333333432674408,0.0,0.0,12.0
ep00799_t0179_item016861,1,16861,799,165,14,179,0.024764152243733406,0.024810364469885826,0.02649066224694252,0.001680297777056694,0.001726510003209114,0.03986184298992157,0.042642638087272644,0.008408320136368275,0.008992684073746204,0.008992684073746204,,0.021776624023914337,0.028505757451057434,0.01825632154941559,0.06878662109375,0.0839436873793602,0.009801637381315231,0.03238802030682564,3.3043479417598753,0.0,0.0,0.0,0.0,0.3333333432674408,0.0,0.0,12.0
ep00799_t0180_item016861,1,16861,799,165,15,180,0.025102101266384125,0.026310991495847702,0.02828533947467804,0.0019743479788303375,0.003183238208293915,0.040389783680438995,0.046219732612371445,0.008540444076061249,0.008856408298015594,0.008856408298015594,,0.023178137838840485,0.034885473549366,0.02068398892879486,0.0676676407456398,0.0882771834731102,0.009801631793379784,0.033359453082084656,3.403459116329619,0.0,0.0,0.0,0.0,0.3333333432674408,0.0,0.0,12.0
ep00799_t0181_item016861,1,16861,799,165,16,181,0.025623846799135208,0.027545088902115822,0.02762589603662491,8.080713450908661e-05,0.0020020492374897003,0.0418311171233654,0.04510291665792465,0.008065971545875072,0.008692455478012562,0.008692455478012562,,0.02570120245218277,0.04388207942247391,0.02031932771205902,0.06494140625,0.0857950821518898,0.00586413498967886,0.028818167746067047,4.91430838423541,0.0,0.0,0.0,0.0,0.3333333432674408,0.0,0.0,12.0
ep00799_t0182_item016861,1,16861,799,165,17,182,0.024922896176576614,0.02549758367240429,0.02681327424943447,0.0013156905770301819,0.0018903780728578568,0.04035719484090805,0.043580181896686554,0.008202406577765942,0.008649122901260853,0.008649122901260853,,0.023712225258350372,0.03698662668466568,0.019064247608184814,0.0658976212143898,0.0777384415268898,0.00586413498967886,0.029217347502708435,4.9823797634488765,0.0,0.0,0.0,0.0,0.3333333432674408,0.0,0.0,12.0
ep00799_t0183_item016861,1,16861,799,165,18,183,0.024478722363710403,0.023553505539894104,0.026940856128931046,0.0033873505890369415,0.002462133765220642,0.03945547714829445,0.043785352259874344,0.008253904990851879,0.00869265478104353,0.00869265478104353,,0.022852376103401184,0.028530985116958618,0.023363597691059113,0.06573486328125,0.0735880509018898,0.009764619171619415,0.031253229826688766,3.2006603921149717,0.0,0.0,0.0,0.0,0.3333333432674408,0.0,0.0,12.0
ep00799_t0184_item016861,1,16861,799,165,19,184,0.024460352957248688,0.023702774196863174,0.02624477818608284,0.0025420039892196655,0.0017844252288341522,0.03899279609322548,0.04224606603384018,0.008716873824596405,0.008910052478313446,0.008910052478313446,,0.024398870766162872,0.029688358306884766,0.021085895597934723,0.0655721053481102,0.07830810546875,0.00976462010294199,0.031199658289551735,3.1951737968947267,0.0,0.0,0.0,0.0,0.3333333432674408,0.0,0.0,12.0
