example_id,batch_index,dataset_item_index,episode_index,segment_start,rollout_start_offset,absolute_start_timestep,dynamic_mae_h1,dynamic_mae_h5,dynamic_mae_h15,h15_minus_h5,h15_minus_h1,ally_dynamic_mae_h1,ally_dynamic_mae_h15,enemy_dynamic_mae_h1,enemy_dynamic_mae_h15,visible_enemy_dynamic_mae_h15,hidden_enemy_dynamic_mae_h15,position_mae_h1,position_mae_h5,position_mae_h15,health_mae_h1,health_mae_h15,target_dynamic_change_h15,predicted_dynamic_change_h15,predicted_to_target_change_ratio_h15,target_health_change_h15,presence_false_positive_h15,presence_false_negative_h15,presence_error_rate_h15,health_out_of_range_fraction_h15,natural_enemy_visibility_changes_h1_h15,hidden_enemy_dynamic_coordinate_count_h15,enemy_dynamic_coordinate_count_h15,category,category_rank,category_score,category_description,example_dir,overview_png,trajectory_png,feature_error_png
ep00702_t0002_item014452,1,14452,702,2,0,2,0.03838666155934334,0.037092939019203186,0.03436999022960663,-0.0027229487895965576,-0.00401667132973671,0.04536472633481026,0.04792320355772972,0.029567161574959755,0.031922876834869385,0.031922876834869385,,0.0367903895676136,0.05132811516523361,0.04016813263297081,0.05142644792795181,0.11209525167942047,0.03971795365214348,0.05433700233697891,1.3680715480175922,0.18333332240581512,0.0,0.0,0.0,0.0,0.0,0.0,72.0,good_eventful,1,0.04506591707468033,Eventful rollout with low error at H15; avoids choosing a trivial static clip.,/home/jovyan/workspace/dreamer/combined-upload/smac-jepa-wm/analysis_outputs/exp40_h15_gallery_smoke_20260724_023142/examples/good_eventful/01_ep00702_t0002_item014452,/home/jovyan/workspace/dreamer/combined-upload/smac-jepa-wm/analysis_outputs/exp40_h15_gallery_smoke_20260724_023142/examples/good_eventful/01_ep00702_t0002_item014452/overview_h1_h5_h15.png,/home/jovyan/workspace/dreamer/combined-upload/smac-jepa-wm/analysis_outputs/exp40_h15_gallery_smoke_20260724_023142/examples/good_eventful/01_ep00702_t0002_item014452/trajectory_overlay_h1_h15.png,/home/jovyan/workspace/dreamer/combined-upload/smac-jepa-wm/analysis_outputs/exp40_h15_gallery_smoke_20260724_023142/examples/good_eventful/01_ep00702_t0002_item014452/feature_error_by_horizon.png
ep00702_t0003_item014452,1,14452,702,2,1,3,0.03697387874126434,0.03526934236288071,0.03338415548205376,-0.00188518688082695,-0.0035897232592105865,0.04305142164230347,0.03837689384818077,0.03038986586034298,0.03248269110918045,0.03248269110918045,,0.03818386420607567,0.052511703222990036,0.04077516123652458,0.052030548453330994,0.10931573808193207,0.039084166288375854,0.05113253742456436,1.3082673184657863,0.18333332240581512,0.0,0.0,0.0,0.0,0.0,0.0,72.0,good_eventful,2,0.04478417709469795,Eventful rollout with low error at H15; avoids choosing a trivial static clip.,/home/jovyan/workspace/dreamer/combined-upload/smac-jepa-wm/analysis_outputs/exp40_h15_gallery_smoke_20260724_023142/examples/good_eventful/02_ep00702_t0003_item014452,/home/jovyan/workspace/dreamer/combined-upload/smac-jepa-wm/analysis_outputs/exp40_h15_gallery_smoke_20260724_023142/examples/good_eventful/02_ep00702_t0003_item014452/overview_h1_h5_h15.png,/home/jovyan/workspace/dreamer/combined-upload/smac-jepa-wm/analysis_outputs/exp40_h15_gallery_smoke_20260724_023142/examples/good_eventful/02_ep00702_t0003_item014452/trajectory_overlay_h1_h15.png,/home/jovyan/workspace/dreamer/combined-upload/smac-jepa-wm/analysis_outputs/exp40_h15_gallery_smoke_20260724_023142/examples/good_eventful/02_ep00702_t0003_item014452/feature_error_by_horizon.png
ep00199_t0092_item004817,0,4817,199,80,12,92,0.02294379658997059,0.02568243443965912,0.046084605157375336,0.020402170717716217,0.023140808567404747,0.027509383857250214,0.06994794309139252,0.01799774542450905,0.020232660695910454,0.020232660695910454,,0.026136364787817,0.0391402393579483,0.05900950729846954,0.056267011910676956,0.18432743847370148,0.02290298417210579,0.03403741493821144,1.4861563315258541,0.15466666221618652,0.0,0.0,0.0,0.3333333432674408,0.0,0.0,24.0,late_rollout_drift,1,0.021771490573883057,Prediction is relatively accurate early but diverges substantially after H5.,/home/jovyan/workspace/dreamer/combined-upload/smac-jepa-wm/analysis_outputs/exp40_h15_gallery_smoke_20260724_023142/examples/late_rollout_drift/01_ep00199_t0092_item004817,/home/jovyan/workspace/dreamer/combined-upload/smac-jepa-wm/analysis_outputs/exp40_h15_gallery_smoke_20260724_023142/examples/late_rollout_drift/01_ep00199_t0092_item004817/overview_h1_h5_h15.png,/home/jovyan/workspace/dreamer/combined-upload/smac-jepa-wm/analysis_outputs/exp40_h15_gallery_smoke_20260724_023142/examples/late_rollout_drift/01_ep00199_t0092_item004817/trajectory_overlay_h1_h15.png,/home/jovyan/workspace/dreamer/combined-upload/smac-jepa-wm/analysis_outputs/exp40_h15_gallery_smoke_20260724_023142/examples/late_rollout_drift/01_ep00199_t0092_item004817/feature_error_by_horizon.png
ep00199_t0093_item004817,0,4817,199,80,13,93,0.023754384368658066,0.028350310400128365,0.04530266299843788,0.016952352598309517,0.021548278629779816,0.029150644317269325,0.06879010796546936,0.017908437177538872,0.019857926294207573,0.019857926294207573,,0.03220425173640251,0.04055421054363251,0.06100840121507645,0.055351484566926956,0.18659083545207977,0.024500517174601555,0.032445333898067474,1.3242713885118274,0.15466666221618652,0.0,0.0,0.0,0.1666666716337204,0.0,0.0,24.0,late_rollout_drift,2,0.01925031468272209,Prediction is relatively accurate early but diverges substantially after H5.,/home/jovyan/workspace/dreamer/combined-upload/smac-jepa-wm/analysis_outputs/exp40_h15_gallery_smoke_20260724_023142/examples/late_rollout_drift/02_ep00199_t0093_item004817,/home/jovyan/workspace/dreamer/combined-upload/smac-jepa-wm/analysis_outputs/exp40_h15_gallery_smoke_20260724_023142/examples/late_rollout_drift/02_ep00199_t0093_item004817/overview_h1_h5_h15.png,/home/jovyan/workspace/dreamer/combined-upload/smac-jepa-wm/analysis_outputs/exp40_h15_gallery_smoke_20260724_023142/examples/late_rollout_drift/02_ep00199_t0093_item004817/trajectory_overlay_h1_h15.png,/home/jovyan/workspace/dreamer/combined-upload/smac-jepa-wm/analysis_outputs/exp40_h15_gallery_smoke_20260724_023142/examples/late_rollout_drift/02_ep00199_t0093_item004817/feature_error_by_horizon.png
ep00129_t0016_item002409,0,2409,129,12,4,16,0.02150147780776024,0.027764305472373962,0.037041906267404556,0.009277600795030594,0.015540428459644318,0.021764814853668213,0.04438277333974838,0.021338459104299545,0.034769732505083084,0.034769732505083084,,0.017945852130651474,0.03197922185063362,0.0753437802195549,0.058669786900281906,0.09217897057533264,0.01785295456647873,0.03168622404336929,1.7748448261255505,0.01913636364042759,0.0,0.0,0.0,0.0,0.0,0.0,84.0,position_drift,1,0.12221668660640717,Entity positions drift away from the recorded trajectory by H15.,/home/jovyan/workspace/dreamer/combined-upload/smac-jepa-wm/analysis_outputs/exp40_h15_gallery_smoke_20260724_023142/examples/position_drift/01_ep00129_t0016_item002409,/home/jovyan/workspace/dreamer/combined-upload/smac-jepa-wm/analysis_outputs/exp40_h15_gallery_smoke_20260724_023142/examples/position_drift/01_ep00129_t0016_item002409/overview_h1_h5_h15.png,/home/jovyan/workspace/dreamer/combined-upload/smac-jepa-wm/analysis_outputs/exp40_h15_gallery_smoke_20260724_023142/examples/position_drift/01_ep00129_t0016_item002409/trajectory_overlay_h1_h15.png,/home/jovyan/workspace/dreamer/combined-upload/smac-jepa-wm/analysis_outputs/exp40_h15_gallery_smoke_20260724_023142/examples/position_drift/01_ep00129_t0016_item002409/feature_error_by_horizon.png
ep00129_t0013_item002409,0,2409,129,12,1,13,0.023927602916955948,0.028802931308746338,0.03729526698589325,0.008492335677146912,0.013367664068937302,0.028212089091539383,0.03767935559153557,0.02061222493648529,0.037176381796598434,0.037176381796598434,,0.018919024616479874,0.029105056077241898,0.07239817082881927,0.04788540303707123,0.07227548956871033,0.020288072526454926,0.03463524207472801,1.7071726271465606,0.0180454533547163,0.0,0.0,0.0,0.0,0.0,0.0,84.0,position_drift,2,0.11823779344558716,Entity positions drift away from the recorded trajectory by H15.,/home/jovyan/workspace/dreamer/combined-upload/smac-jepa-wm/analysis_outputs/exp40_h15_gallery_smoke_20260724_023142/examples/position_drift/02_ep00129_t0013_item002409,/home/jovyan/workspace/dreamer/combined-upload/smac-jepa-wm/analysis_outputs/exp40_h15_gallery_smoke_20260724_023142/examples/position_drift/02_ep00129_t0013_item002409/overview_h1_h5_h15.png,/home/jovyan/workspace/dreamer/combined-upload/smac-jepa-wm/analysis_outputs/exp40_h15_gallery_smoke_20260724_023142/examples/position_drift/02_ep00129_t0013_item002409/trajectory_overlay_h1_h15.png,/home/jovyan/workspace/dreamer/combined-upload/smac-jepa-wm/analysis_outputs/exp40_h15_gallery_smoke_20260724_023142/examples/position_drift/02_ep00129_t0013_item002409/feature_error_by_horizon.png
ep00001_t0002_item000000,0,0,1,0,2,2,0.03975735604763031,0.041984204202890396,0.0405113622546196,-0.0014728419482707977,0.0007540062069892883,0.043348781764507294,0.056755900382995605,0.03392129763960838,0.031712234020233154,0.031712234020233154,,0.036568958312273026,0.04295598343014717,0.0401313491165638,0.059909507632255554,0.13470050692558289,0.041697658598423004,0.05772045627236366,1.384261328153966,0.23333331942558289,0.0,0.0,0.0,0.25,0.0,0.0,24.0,health_or_damage_miss,1,0.449001669883728,The rollout misses health/shield changes on transitions where those values change.,/home/jovyan/workspace/dreamer/combined-upload/smac-jepa-wm/analysis_outputs/exp40_h15_gallery_smoke_20260724_023142/examples/health_or_damage_miss/01_ep00001_t0002_item000000,/home/jovyan/workspace/dreamer/combined-upload/smac-jepa-wm/analysis_outputs/exp40_h15_gallery_smoke_20260724_023142/examples/health_or_damage_miss/01_ep00001_t0002_item000000/overview_h1_h5_h15.png,/home/jovyan/workspace/dreamer/combined-upload/smac-jepa-wm/analysis_outputs/exp40_h15_gallery_smoke_20260724_023142/examples/health_or_damage_miss/01_ep00001_t0002_item000000/trajectory_overlay_h1_h15.png,/home/jovyan/workspace/dreamer/combined-upload/smac-jepa-wm/analysis_outputs/exp40_h15_gallery_smoke_20260724_023142/examples/health_or_damage_miss/01_ep00001_t0002_item000000/feature_error_by_horizon.png
ep00001_t0000_item000000,0,0,1,0,0,0,0.04778989031910896,0.050090890377759933,0.040846288204193115,-0.009244602173566818,-0.006943602114915848,0.05042814463376999,0.061807241290807724,0.04350271821022034,0.029492443427443504,0.029492443427443504,,0.04049636796116829,0.04687955975532532,0.04006190225481987,0.07477499544620514,0.12476704269647598,0.042415324598550797,0.0680728331208229,1.604911285369457,0.23333331942558289,0.0,0.0,0.0,0.25,0.0,0.0,24.0,health_or_damage_miss,2,0.4158901274204254,The rollout misses health/shield changes on transitions where those values change.,/home/jovyan/workspace/dreamer/combined-upload/smac-jepa-wm/analysis_outputs/exp40_h15_gallery_smoke_20260724_023142/examples/health_or_damage_miss/02_ep00001_t0000_item000000,/home/jovyan/workspace/dreamer/combined-upload/smac-jepa-wm/analysis_outputs/exp40_h15_gallery_smoke_20260724_023142/examples/health_or_damage_miss/02_ep00001_t0000_item000000/overview_h1_h5_h15.png,/home/jovyan/workspace/dreamer/combined-upload/smac-jepa-wm/analysis_outputs/exp40_h15_gallery_smoke_20260724_023142/examples/health_or_damage_miss/02_ep00001_t0000_item000000/trajectory_overlay_h1_h15.png,/home/jovyan/workspace/dreamer/combined-upload/smac-jepa-wm/analysis_outputs/exp40_h15_gallery_smoke_20260724_023142/examples/health_or_damage_miss/02_ep00001_t0000_item000000/feature_error_by_horizon.png
ep00129_t0012_item002409,0,2409,129,12,0,12,0.028837792575359344,0.02895437739789486,0.03984273597598076,0.0108883585780859,0.011004943400621414,0.03571705147624016,0.04195607081055641,0.02244991436600685,0.03918860852718353,0.03918860852718353,,0.02135162614285946,0.029312334954738617,0.07175029069185257,0.058713823556900024,0.07909821718931198,0.02296857163310051,0.037408504635095596,1.6286822373048824,0.030030304566025734,0.0,0.0,0.0,0.0,0.0,0.0,84.0,enemy_tracking_failure,1,0.009797152131795883,Enemy-state prediction is substantially worse than allied-state prediction.,/home/jovyan/workspace/dreamer/combined-upload/smac-jepa-wm/analysis_outputs/exp40_h15_gallery_smoke_20260724_023142/examples/enemy_tracking_failure/01_ep00129_t0012_item002409,/home/jovyan/workspace/dreamer/combined-upload/smac-jepa-wm/analysis_outputs/exp40_h15_gallery_smoke_20260724_023142/examples/enemy_tracking_failure/01_ep00129_t0012_item002409/overview_h1_h5_h15.png,/home/jovyan/workspace/dreamer/combined-upload/smac-jepa-wm/analysis_outputs/exp40_h15_gallery_smoke_20260724_023142/examples/enemy_tracking_failure/01_ep00129_t0012_item002409/trajectory_overlay_h1_h15.png,/home/jovyan/workspace/dreamer/combined-upload/smac-jepa-wm/analysis_outputs/exp40_h15_gallery_smoke_20260724_023142/examples/enemy_tracking_failure/01_ep00129_t0012_item002409/feature_error_by_horizon.png
ep00129_t0014_item002409,0,2409,129,12,2,14,0.025266433134675026,0.0310544203966856,0.03580423444509506,0.004749814048409462,0.010537801310420036,0.031172562390565872,0.03787515312433243,0.020696211606264114,0.035163238644599915,0.035163238644599915,,0.018547164276242256,0.032211288809776306,0.06683197617530823,0.06064680218696594,0.08897954225540161,0.019540438428521156,0.03168530389666557,1.6215247171945648,0.02654544822871685,0.0,0.0,0.0,0.0,0.0,0.0,84.0,enemy_tracking_failure,2,0.008790809661149979,Enemy-state prediction is substantially worse than allied-state prediction.,/home/jovyan/workspace/dreamer/combined-upload/smac-jepa-wm/analysis_outputs/exp40_h15_gallery_smoke_20260724_023142/examples/enemy_tracking_failure/02_ep00129_t0014_item002409,/home/jovyan/workspace/dreamer/combined-upload/smac-jepa-wm/analysis_outputs/exp40_h15_gallery_smoke_20260724_023142/examples/enemy_tracking_failure/02_ep00129_t0014_item002409/overview_h1_h5_h15.png,/home/jovyan/workspace/dreamer/combined-upload/smac-jepa-wm/analysis_outputs/exp40_h15_gallery_smoke_20260724_023142/examples/enemy_tracking_failure/02_ep00129_t0014_item002409/trajectory_overlay_h1_h15.png,/home/jovyan/workspace/dreamer/combined-upload/smac-jepa-wm/analysis_outputs/exp40_h15_gallery_smoke_20260724_023142/examples/enemy_tracking_failure/02_ep00129_t0014_item002409/feature_error_by_horizon.png
ep00199_t0094_item004817,0,4817,199,80,14,94,0.023577256128191948,0.02845602296292782,0.02596008963882923,-0.002495933324098587,0.0023828335106372833,0.028889549896121025,0.03745853900909424,0.0178222693502903,0.019731763750314713,0.019731763750314713,,0.028419598937034607,0.04099515452980995,0.04212544858455658,0.054339319467544556,0.08160816133022308,0.0024294548202306032,0.0240388922393322,9.894768175623218,0.0,1.0,0.0,0.09090909361839294,0.25,0.0,0.0,24.0,presence_lifecycle_failure,1,0.09350509941577911,The presence head invents an absent entity or removes one that remains present.,/home/jovyan/workspace/dreamer/combined-upload/smac-jepa-wm/analysis_outputs/exp40_h15_gallery_smoke_20260724_023142/examples/presence_lifecycle_failure/01_ep00199_t0094_item004817,/home/jovyan/workspace/dreamer/combined-upload/smac-jepa-wm/analysis_outputs/exp40_h15_gallery_smoke_20260724_023142/examples/presence_lifecycle_failure/01_ep00199_t0094_item004817/overview_h1_h5_h15.png,/home/jovyan/workspace/dreamer/combined-upload/smac-jepa-wm/analysis_outputs/exp40_h15_gallery_smoke_20260724_023142/examples/presence_lifecycle_failure/01_ep00199_t0094_item004817/trajectory_overlay_h1_h15.png,/home/jovyan/workspace/dreamer/combined-upload/smac-jepa-wm/analysis_outputs/exp40_h15_gallery_smoke_20260724_023142/examples/presence_lifecycle_failure/01_ep00199_t0094_item004817/feature_error_by_horizon.png
ep00199_t0082_item004817,0,4817,199,80,2,82,0.026809237897396088,0.025816505774855614,0.030377084389328957,0.004560578614473343,0.003567846491932869,0.03473162651062012,0.039720211178064346,0.01822664402425289,0.02025536634027958,0.02025536634027958,,0.03141067177057266,0.04680143669247627,0.059273749589920044,0.058820318430662155,0.08018770813941956,0.010058811865746975,0.03089156188070774,3.071094508279056,0.0,0.0,0.0,0.0,0.1666666716337204,0.0,0.0,24.0,copying_dynamic_change,1,0.0,"The target changes, but the predicted state remains too close to the rollout start.",/home/jovyan/workspace/dreamer/combined-upload/smac-jepa-wm/analysis_outputs/exp40_h15_gallery_smoke_20260724_023142/examples/copying_dynamic_change/01_ep00199_t0082_item004817,/home/jovyan/workspace/dreamer/combined-upload/smac-jepa-wm/analysis_outputs/exp40_h15_gallery_smoke_20260724_023142/examples/copying_dynamic_change/01_ep00199_t0082_item004817/overview_h1_h5_h15.png,/home/jovyan/workspace/dreamer/combined-upload/smac-jepa-wm/analysis_outputs/exp40_h15_gallery_smoke_20260724_023142/examples/copying_dynamic_change/01_ep00199_t0082_item004817/trajectory_overlay_h1_h15.png,/home/jovyan/workspace/dreamer/combined-upload/smac-jepa-wm/analysis_outputs/exp40_h15_gallery_smoke_20260724_023142/examples/copying_dynamic_change/01_ep00199_t0082_item004817/feature_error_by_horizon.png
ep00199_t0083_item004817,0,4817,199,80,3,83,0.025798652321100235,0.02565188892185688,0.03343653306365013,0.007784644141793251,0.007637880742549896,0.03293836861848831,0.04579905420541763,0.01806395687162876,0.02004379965364933,0.02004379965364933,,0.0316227450966835,0.045386239886283875,0.05683326721191406,0.056195806711912155,0.10378975421190262,0.020596520975232124,0.03403599560260773,1.6525118802120482,0.07733333110809326,0.0,0.0,0.0,0.1666666716337204,0.0,0.0,24.0,copying_dynamic_change,2,0.0,"The target changes, but the predicted state remains too close to the rollout start.",/home/jovyan/workspace/dreamer/combined-upload/smac-jepa-wm/analysis_outputs/exp40_h15_gallery_smoke_20260724_023142/examples/copying_dynamic_change/02_ep00199_t0083_item004817,/home/jovyan/workspace/dreamer/combined-upload/smac-jepa-wm/analysis_outputs/exp40_h15_gallery_smoke_20260724_023142/examples/copying_dynamic_change/02_ep00199_t0083_item004817/overview_h1_h5_h15.png,/home/jovyan/workspace/dreamer/combined-upload/smac-jepa-wm/analysis_outputs/exp40_h15_gallery_smoke_20260724_023142/examples/copying_dynamic_change/02_ep00199_t0083_item004817/trajectory_overlay_h1_h15.png,/home/jovyan/workspace/dreamer/combined-upload/smac-jepa-wm/analysis_outputs/exp40_h15_gallery_smoke_20260724_023142/examples/copying_dynamic_change/02_ep00199_t0083_item004817/feature_error_by_horizon.png
ep00799_t0175_item016861,1,16861,799,165,10,175,0.025712260976433754,0.02546355314552784,0.028305156156420708,0.002841603010892868,0.0025928951799869537,0.042336270213127136,0.04677359759807587,0.007702919188886881,0.008297674357891083,0.008297674357891083,,0.02286151796579361,0.023027844727039337,0.03032843768596649,0.0684814453125,0.0800577774643898,0.0058641256764531136,0.029931126162409782,5.104107212878403,0.0,0.0,0.0,0.0,0.3333333432674408,0.0,0.0,12.0,unstable_overshoot,1,0.19639469683170319,The prediction changes more aggressively than the recorded transition or leaves plausible health bounds.,/home/jovyan/workspace/dreamer/combined-upload/smac-jepa-wm/analysis_outputs/exp40_h15_gallery_smoke_20260724_023142/examples/unstable_overshoot/01_ep00799_t0175_item016861,/home/jovyan/workspace/dreamer/combined-upload/smac-jepa-wm/analysis_outputs/exp40_h15_gallery_smoke_20260724_023142/examples/unstable_overshoot/01_ep00799_t0175_item016861/overview_h1_h5_h15.png,/home/jovyan/workspace/dreamer/combined-upload/smac-jepa-wm/analysis_outputs/exp40_h15_gallery_smoke_20260724_023142/examples/unstable_overshoot/01_ep00799_t0175_item016861/trajectory_overlay_h1_h15.png,/home/jovyan/workspace/dreamer/combined-upload/smac-jepa-wm/analysis_outputs/exp40_h15_gallery_smoke_20260724_023142/examples/unstable_overshoot/01_ep00799_t0175_item016861/feature_error_by_horizon.png
ep00799_t0180_item016861,1,16861,799,165,15,180,0.025102101266384125,0.026310991495847702,0.02828533947467804,0.0019743479788303375,0.003183238208293915,0.040389783680438995,0.046219732612371445,0.008540444076061249,0.008856408298015594,0.008856408298015594,,0.023178137838840485,0.034885473549366,0.02068398892879486,0.0676676407456398,0.0882771834731102,0.009801631793379784,0.033359453082084656,3.403459116329619,0.0,0.0,0.0,0.0,0.3333333432674408,0.0,0.0,12.0,unstable_overshoot,2,0.19588156044483185,The prediction changes more aggressively than the recorded transition or leaves plausible health bounds.,/home/jovyan/workspace/dreamer/combined-upload/smac-jepa-wm/analysis_outputs/exp40_h15_gallery_smoke_20260724_023142/examples/unstable_overshoot/02_ep00799_t0180_item016861,/home/jovyan/workspace/dreamer/combined-upload/smac-jepa-wm/analysis_outputs/exp40_h15_gallery_smoke_20260724_023142/examples/unstable_overshoot/02_ep00799_t0180_item016861/overview_h1_h5_h15.png,/home/jovyan/workspace/dreamer/combined-upload/smac-jepa-wm/analysis_outputs/exp40_h15_gallery_smoke_20260724_023142/examples/unstable_overshoot/02_ep00799_t0180_item016861/trajectory_overlay_h1_h15.png,/home/jovyan/workspace/dreamer/combined-upload/smac-jepa-wm/analysis_outputs/exp40_h15_gallery_smoke_20260724_023142/examples/unstable_overshoot/02_ep00799_t0180_item016861/feature_error_by_horizon.png
