name,path,split,family_id,archetype,heldout_compositional,variant_index,engagement_class,initial_min_cross_distance,terrain,formation,orientation,num_allies,num_enemies,ally_value,enemy_value,ally_value_ratio,difficulty_proxy,ally_composition,enemy_composition,sha256
r2_2v1_stalker_train_0001,configs/train/r2_2v1_stalker_train_0001.json,train,stalker_2v1_mirror_only,stalker_2v1_mirror,False,1,near,8.0107,SIMPLE,close_split,opposing,2,1,250.0,125.0,2.0,very_easy_theoretical_2v1,"{""STALKER"": 2}","{""STALKER"": 1}",5dd97044d5989902f8d9b8228e7cd57f8b11a83f39f4b8a1c09e30443440e03d
r2_2v1_stalker_train_0002,configs/train/r2_2v1_stalker_train_0002.json,train,stalker_2v1_mirror_only,stalker_2v1_mirror,False,2,near,7.7507,OCTAGON,staggered,opposing,2,1,250.0,125.0,2.0,very_easy_theoretical_2v1,"{""STALKER"": 2}","{""STALKER"": 1}",5845ec6fb6a62727beaa27011814224e4094600735aa8ce1867c12844f86d07e
r2_2v1_stalker_train_0003,configs/train/r2_2v1_stalker_train_0003.json,train,stalker_2v1_mirror_only,stalker_2v1_mirror,False,3,near,8.3132,SIMPLE,wide_split,opposing,2,1,250.0,125.0,2.0,very_easy_theoretical_2v1,"{""STALKER"": 2}","{""STALKER"": 1}",e5d0d4d3d9f311ed3965d0f9ab12bde8e8bbd36e4fd900c2df5f9fb519e038be
r2_2v1_stalker_train_0004,configs/train/r2_2v1_stalker_train_0004.json,train,stalker_2v1_mirror_only,stalker_2v1_mirror,False,4,near,8.0069,NARROW,compact,vertical_same_side,2,1,250.0,125.0,2.0,very_easy_theoretical_2v1,"{""STALKER"": 2}","{""STALKER"": 1}",e5c2c251bd02447f8a84189d7ebc88b4d82cfd5233899a48eeca57682da5d3e4
r2_2v1_stalker_train_0005,configs/train/r2_2v1_stalker_train_0005.json,train,stalker_2v1_mirror_only,stalker_2v1_mirror,False,5,near,8.0274,OCTAGON,close_split,opposing,2,1,250.0,125.0,2.0,very_easy_theoretical_2v1,"{""STALKER"": 2}","{""STALKER"": 1}",ef817e9f4851aeb58aa50ca07e891046807263f96396a906fd92d2d0c479cce5
r2_2v1_stalker_train_0006,configs/train/r2_2v1_stalker_train_0006.json,train,stalker_2v1_mirror_only,stalker_2v1_mirror,False,6,near,7.9916,SIMPLE,staggered,opposing,2,1,250.0,125.0,2.0,very_easy_theoretical_2v1,"{""STALKER"": 2}","{""STALKER"": 1}",aa7b91d0d8708691847034fd0ec4ff7fe7c3aa80e18927194140f36297f9cf57
r2_2v1_stalker_train_0007,configs/train/r2_2v1_stalker_train_0007.json,train,stalker_2v1_mirror_only,stalker_2v1_mirror,False,7,near,8.2491,NARROW,wide_split,vertical_same_side,2,1,250.0,125.0,2.0,very_easy_theoretical_2v1,"{""STALKER"": 2}","{""STALKER"": 1}",3d332bd3e1548e200eb2b7cc94692c7d9157b60077464ef8cb85f5a0f5f2870e
r2_2v1_stalker_train_0008,configs/train/r2_2v1_stalker_train_0008.json,train,stalker_2v1_mirror_only,stalker_2v1_mirror,False,8,near,7.6365,SIMPLE,compact,opposing,2,1,250.0,125.0,2.0,very_easy_theoretical_2v1,"{""STALKER"": 2}","{""STALKER"": 1}",eec3dd98d7a79b5cb2060df8753a370abd6fbe4ac04912489cdf18d6830ed298
r2_2v1_stalker_train_0009,configs/train/r2_2v1_stalker_train_0009.json,train,stalker_2v1_mirror_only,stalker_2v1_mirror,False,9,near,8.3453,OCTAGON,close_split,opposing,2,1,250.0,125.0,2.0,very_easy_theoretical_2v1,"{""STALKER"": 2}","{""STALKER"": 1}",9071accff422f02949b39ad7a57c497d7ab8667d74cc4653bd8c234f199529dd
r2_2v1_stalker_train_0010,configs/train/r2_2v1_stalker_train_0010.json,train,stalker_2v1_mirror_only,stalker_2v1_mirror,False,10,immediate,5.1206,SIMPLE,staggered,opposing,2,1,250.0,125.0,2.0,very_easy_theoretical_2v1,"{""STALKER"": 2}","{""STALKER"": 1}",48afa818fa88598fa4caa2b560241ea8b39615405a637ba501e885f80e40f500
r2_2v1_stalker_train_0011,configs/train/r2_2v1_stalker_train_0011.json,train,stalker_2v1_mirror_only,stalker_2v1_mirror,False,11,near,8.1731,SIMPLE,wide_split,opposing,2,1,250.0,125.0,2.0,very_easy_theoretical_2v1,"{""STALKER"": 2}","{""STALKER"": 1}",0a6150a533608776fde46806720c52a716d1e0442c8caceb662e3eeb0d512ac0
r2_2v1_stalker_train_0012,configs/train/r2_2v1_stalker_train_0012.json,train,stalker_2v1_mirror_only,stalker_2v1_mirror,False,12,near,7.3855,OCTAGON,compact,opposing,2,1,250.0,125.0,2.0,very_easy_theoretical_2v1,"{""STALKER"": 2}","{""STALKER"": 1}",2697062b772fb4bc65d36c5f5ee60ec1ed7ab880f91e53acd996f593b35c0ed8
r2_2v1_stalker_train_0013,configs/train/r2_2v1_stalker_train_0013.json,train,stalker_2v1_mirror_only,stalker_2v1_mirror,False,13,medium,11.6471,SIMPLE,close_split,opposing,2,1,250.0,125.0,2.0,very_easy_theoretical_2v1,"{""STALKER"": 2}","{""STALKER"": 1}",45e573bd3882a133e292b71521a7a6d6a3e9c91bd5abdfaa2d027c3aea62ef0b
r2_2v1_stalker_train_0014,configs/train/r2_2v1_stalker_train_0014.json,train,stalker_2v1_mirror_only,stalker_2v1_mirror,False,14,near,7.723,NARROW,staggered,vertical_same_side,2,1,250.0,125.0,2.0,very_easy_theoretical_2v1,"{""STALKER"": 2}","{""STALKER"": 1}",47ccb9498080f8c5ae90ae4644d6e389831278d81f7fbc2f1c736095dab748cf
r2_2v1_stalker_train_0015,configs/train/r2_2v1_stalker_train_0015.json,train,stalker_2v1_mirror_only,stalker_2v1_mirror,False,15,immediate,5.5551,OCTAGON,wide_split,opposing,2,1,250.0,125.0,2.0,very_easy_theoretical_2v1,"{""STALKER"": 2}","{""STALKER"": 1}",05cf52a5d00a4ae0038fea9e8c1a54d1991b4c4fb365c0a1b3d7b9592faa08d9
r2_2v1_stalker_train_0016,configs/train/r2_2v1_stalker_train_0016.json,train,stalker_2v1_mirror_only,stalker_2v1_mirror,False,16,immediate,4.7508,SIMPLE,compact,opposing,2,1,250.0,125.0,2.0,very_easy_theoretical_2v1,"{""STALKER"": 2}","{""STALKER"": 1}",fcfcb1289d04bcf649ed576210a4af76b39926ab10d9529e210b9e75a518c48b
r2_2v1_stalker_train_0017,configs/train/r2_2v1_stalker_train_0017.json,train,stalker_2v1_mirror_only,stalker_2v1_mirror,False,17,immediate,5.3731,NARROW,close_split,vertical_same_side,2,1,250.0,125.0,2.0,very_easy_theoretical_2v1,"{""STALKER"": 2}","{""STALKER"": 1}",52076d7b5cdd29ac92b106ab1958726d9669c837a96159ab5e0d8be8c49c372d
r2_2v1_stalker_train_0018,configs/train/r2_2v1_stalker_train_0018.json,train,stalker_2v1_mirror_only,stalker_2v1_mirror,False,18,immediate,5.1251,SIMPLE,staggered,opposing,2,1,250.0,125.0,2.0,very_easy_theoretical_2v1,"{""STALKER"": 2}","{""STALKER"": 1}",19cd950089cd0fb334e4beb716b3179c4c8601e329a4bdd955bf8f92706e277d
r2_2v1_stalker_train_0019,configs/train/r2_2v1_stalker_train_0019.json,train,stalker_2v1_mirror_only,stalker_2v1_mirror,False,19,medium,11.5977,OCTAGON,wide_split,opposing,2,1,250.0,125.0,2.0,very_easy_theoretical_2v1,"{""STALKER"": 2}","{""STALKER"": 1}",c87452c3b56d788166596dfef54cd832a5f75b65bdc604312247fbaca7f52615
r2_2v1_stalker_train_0020,configs/train/r2_2v1_stalker_train_0020.json,train,stalker_2v1_mirror_only,stalker_2v1_mirror,False,20,medium,10.6981,SIMPLE,compact,opposing,2,1,250.0,125.0,2.0,very_easy_theoretical_2v1,"{""STALKER"": 2}","{""STALKER"": 1}",41e71a7d2224964d50e10bbba82f3ad157e78495683fffd08e4314dbb6915b81
r2_2v1_stalker_train_0021,configs/train/r2_2v1_stalker_train_0021.json,train,stalker_2v1_mirror_only,stalker_2v1_mirror,False,21,far,14.4109,SIMPLE,close_split,opposing,2,1,250.0,125.0,2.0,very_easy_theoretical_2v1,"{""STALKER"": 2}","{""STALKER"": 1}",a67f803df82bfd9d24c0e0a9432e1fd09af1b8f5ea37aabc881cc6240abaa2b8
r2_2v1_stalker_train_0022,configs/train/r2_2v1_stalker_train_0022.json,train,stalker_2v1_mirror_only,stalker_2v1_mirror,False,22,far,14.1332,OCTAGON,staggered,opposing,2,1,250.0,125.0,2.0,very_easy_theoretical_2v1,"{""STALKER"": 2}","{""STALKER"": 1}",bac24aa773da5a3fb9f7220f72cd31b6ba4488520400b0c9a60061b45f95224e
r2_2v1_stalker_train_0023,configs/train/r2_2v1_stalker_train_0023.json,train,stalker_2v1_mirror_only,stalker_2v1_mirror,False,23,far,14.4369,SIMPLE,wide_split,opposing,2,1,250.0,125.0,2.0,very_easy_theoretical_2v1,"{""STALKER"": 2}","{""STALKER"": 1}",2688847aec79c1410f41878417b335615ee23d0f61d9e0ed07157196dde7331e
r2_2v1_stalker_train_0024,configs/train/r2_2v1_stalker_train_0024.json,train,stalker_2v1_mirror_only,stalker_2v1_mirror,False,24,near,8.2731,NARROW,compact,vertical_same_side,2,1,250.0,125.0,2.0,very_easy_theoretical_2v1,"{""STALKER"": 2}","{""STALKER"": 1}",443e8ef70252984692b3490e7764e9152ca08b824b130d9ab904901e5ef69a3f
r2_2v1_stalker_train_0025,configs/train/r2_2v1_stalker_train_0025.json,train,stalker_2v1_mirror_only,stalker_2v1_mirror,False,25,near,8.1461,OCTAGON,close_split,opposing,2,1,250.0,125.0,2.0,very_easy_theoretical_2v1,"{""STALKER"": 2}","{""STALKER"": 1}",3a135f118bf6e44048f29f21014dfc5a35906fc2b44b08aa398149f81509767f
r2_2v1_stalker_train_0026,configs/train/r2_2v1_stalker_train_0026.json,train,stalker_2v1_mirror_only,stalker_2v1_mirror,False,26,near,7.6693,SIMPLE,staggered,opposing,2,1,250.0,125.0,2.0,very_easy_theoretical_2v1,"{""STALKER"": 2}","{""STALKER"": 1}",80b424980d6c6f46c6ee280b44dd37bb0fee4b399fec37eee068a616ba460dc9
r2_2v1_stalker_train_0027,configs/train/r2_2v1_stalker_train_0027.json,train,stalker_2v1_mirror_only,stalker_2v1_mirror,False,27,near,8.5316,NARROW,wide_split,vertical_same_side,2,1,250.0,125.0,2.0,very_easy_theoretical_2v1,"{""STALKER"": 2}","{""STALKER"": 1}",2e6672abf89d93e5be5489e2516d58c2ca24e732cea3154d94be60b765546b81
r2_2v1_stalker_train_0028,configs/train/r2_2v1_stalker_train_0028.json,train,stalker_2v1_mirror_only,stalker_2v1_mirror,False,28,near,7.7298,SIMPLE,compact,opposing,2,1,250.0,125.0,2.0,very_easy_theoretical_2v1,"{""STALKER"": 2}","{""STALKER"": 1}",4729341963bf6de9ad348f4816f23f62f6447b75a9df4720f45e4a25d1205f88
r2_2v1_stalker_train_0029,configs/train/r2_2v1_stalker_train_0029.json,train,stalker_2v1_mirror_only,stalker_2v1_mirror,False,29,near,8.3456,OCTAGON,close_split,opposing,2,1,250.0,125.0,2.0,very_easy_theoretical_2v1,"{""STALKER"": 2}","{""STALKER"": 1}",4dbe90b0060076ec75072bd9c1af71f27f10ccee43be9e965b6d90ddab764a25
r2_2v1_stalker_train_0030,configs/train/r2_2v1_stalker_train_0030.json,train,stalker_2v1_mirror_only,stalker_2v1_mirror,False,30,medium,11.2327,SIMPLE,staggered,opposing,2,1,250.0,125.0,2.0,very_easy_theoretical_2v1,"{""STALKER"": 2}","{""STALKER"": 1}",c2309eb2108b37fd5c65859bc7d534355dadc5eec2073eb5ee6892dd1b12d672
r2_2v1_stalker_train_0031,configs/train/r2_2v1_stalker_train_0031.json,train,stalker_2v1_mirror_only,stalker_2v1_mirror,False,31,near,8.4335,SIMPLE,wide_split,opposing,2,1,250.0,125.0,2.0,very_easy_theoretical_2v1,"{""STALKER"": 2}","{""STALKER"": 1}",e4acb69d2630436cd2ee0aa26d0d77652fab29e033a6153a23e8e4267fc4b9b3
r2_2v1_stalker_train_0032,configs/train/r2_2v1_stalker_train_0032.json,train,stalker_2v1_mirror_only,stalker_2v1_mirror,False,32,medium,10.6898,OCTAGON,compact,opposing,2,1,250.0,125.0,2.0,very_easy_theoretical_2v1,"{""STALKER"": 2}","{""STALKER"": 1}",93c538510d8b199f701de4adc7877a4f58288791fc3d361cd0badc1b0d88dbaf
r2_2v1_stalker_train_0033,configs/train/r2_2v1_stalker_train_0033.json,train,stalker_2v1_mirror_only,stalker_2v1_mirror,False,33,immediate,5.4092,SIMPLE,close_split,opposing,2,1,250.0,125.0,2.0,very_easy_theoretical_2v1,"{""STALKER"": 2}","{""STALKER"": 1}",0454c452d1fc4366413504373e241e4202cb0638f5973ee52e7b7859f8b6878c
r2_2v1_stalker_train_0034,configs/train/r2_2v1_stalker_train_0034.json,train,stalker_2v1_mirror_only,stalker_2v1_mirror,False,34,near,7.8716,NARROW,staggered,vertical_same_side,2,1,250.0,125.0,2.0,very_easy_theoretical_2v1,"{""STALKER"": 2}","{""STALKER"": 1}",b8eb61db616dcd8d1ae0c18187803e11e73413ef028650b106fc3633bab71bac
r2_2v1_stalker_train_0035,configs/train/r2_2v1_stalker_train_0035.json,train,stalker_2v1_mirror_only,stalker_2v1_mirror,False,35,immediate,5.2289,OCTAGON,wide_split,opposing,2,1,250.0,125.0,2.0,very_easy_theoretical_2v1,"{""STALKER"": 2}","{""STALKER"": 1}",1794004489f708136153d4b5b8d2f2efbd03ac3b32c932c1c8f2839df5cb513f
r2_2v1_stalker_train_0036,configs/train/r2_2v1_stalker_train_0036.json,train,stalker_2v1_mirror_only,stalker_2v1_mirror,False,36,immediate,4.4514,SIMPLE,compact,opposing,2,1,250.0,125.0,2.0,very_easy_theoretical_2v1,"{""STALKER"": 2}","{""STALKER"": 1}",8a49c1c26a146e1e2677ead6769128c0dd23d9dab42313876c75fb44bd4830af
r2_2v1_stalker_train_0037,configs/train/r2_2v1_stalker_train_0037.json,train,stalker_2v1_mirror_only,stalker_2v1_mirror,False,37,near,8.3257,NARROW,close_split,vertical_same_side,2,1,250.0,125.0,2.0,very_easy_theoretical_2v1,"{""STALKER"": 2}","{""STALKER"": 1}",9768091928819b0f215e64a5c655ad672bff51f7616361245886a06a5be1bf09
r2_2v1_stalker_train_0038,configs/train/r2_2v1_stalker_train_0038.json,train,stalker_2v1_mirror_only,stalker_2v1_mirror,False,38,immediate,4.9764,SIMPLE,staggered,opposing,2,1,250.0,125.0,2.0,very_easy_theoretical_2v1,"{""STALKER"": 2}","{""STALKER"": 1}",8da0b9e4b5ee6c858cd004c4fb24f2ad4e40dee9eccc3752ae903172c153d6fe
r2_2v1_stalker_train_0039,configs/train/r2_2v1_stalker_train_0039.json,train,stalker_2v1_mirror_only,stalker_2v1_mirror,False,39,medium,11.2187,OCTAGON,wide_split,opposing,2,1,250.0,125.0,2.0,very_easy_theoretical_2v1,"{""STALKER"": 2}","{""STALKER"": 1}",ebc0f7bf89c6a9b4130fbfa7534ad61389d8b656df5b1b3c0485f1c69c31d43f
r2_2v1_stalker_train_0040,configs/train/r2_2v1_stalker_train_0040.json,train,stalker_2v1_mirror_only,stalker_2v1_mirror,False,40,medium,10.8013,SIMPLE,compact,opposing,2,1,250.0,125.0,2.0,very_easy_theoretical_2v1,"{""STALKER"": 2}","{""STALKER"": 1}",1a10ece2c7d3b6ca0f05d8e2fb5200b352ede656d85519bf1af11c1df28b5302
r2_2v1_stalker_train_0041,configs/train/r2_2v1_stalker_train_0041.json,train,stalker_2v1_mirror_only,stalker_2v1_mirror,False,41,near,8.38,SIMPLE,close_split,opposing,2,1,250.0,125.0,2.0,very_easy_theoretical_2v1,"{""STALKER"": 2}","{""STALKER"": 1}",4b8039af74736ad8da6651b03bf2d03ed1a5924d6aff05db46dcada868dfc180
r2_2v1_stalker_train_0042,configs/train/r2_2v1_stalker_train_0042.json,train,stalker_2v1_mirror_only,stalker_2v1_mirror,False,42,medium,10.8846,OCTAGON,staggered,opposing,2,1,250.0,125.0,2.0,very_easy_theoretical_2v1,"{""STALKER"": 2}","{""STALKER"": 1}",eb4b84f3d92b864d6e2bdba9aa59a41a54eba2b5d293c05c707e86258ce288af
r2_2v1_stalker_train_0043,configs/train/r2_2v1_stalker_train_0043.json,train,stalker_2v1_mirror_only,stalker_2v1_mirror,False,43,far,14.3101,SIMPLE,wide_split,opposing,2,1,250.0,125.0,2.0,very_easy_theoretical_2v1,"{""STALKER"": 2}","{""STALKER"": 1}",28c7685962d47190665ec145ea5599624fcde879c9b1036635f0dddccd1114c7
r2_2v1_stalker_train_0044,configs/train/r2_2v1_stalker_train_0044.json,train,stalker_2v1_mirror_only,stalker_2v1_mirror,False,44,near,8.4453,NARROW,compact,vertical_same_side,2,1,250.0,125.0,2.0,very_easy_theoretical_2v1,"{""STALKER"": 2}","{""STALKER"": 1}",91939b1877f1cd2af36d5e952477089131257bc88c0749cf59166f5987b27419
r2_2v1_stalker_train_0045,configs/train/r2_2v1_stalker_train_0045.json,train,stalker_2v1_mirror_only,stalker_2v1_mirror,False,45,medium,11.2474,OCTAGON,close_split,opposing,2,1,250.0,125.0,2.0,very_easy_theoretical_2v1,"{""STALKER"": 2}","{""STALKER"": 1}",5c41f58b255c23c04a35fd21409e70844a58818551bb7d5b31e122576da9c137
r2_2v1_stalker_train_0046,configs/train/r2_2v1_stalker_train_0046.json,train,stalker_2v1_mirror_only,stalker_2v1_mirror,False,46,near,7.8562,SIMPLE,staggered,opposing,2,1,250.0,125.0,2.0,very_easy_theoretical_2v1,"{""STALKER"": 2}","{""STALKER"": 1}",93e2532153dc9c4bb1c22d7e914e38c93e32bde8187cfa67e6386b9ada9d51c0
r2_2v1_stalker_train_0047,configs/train/r2_2v1_stalker_train_0047.json,train,stalker_2v1_mirror_only,stalker_2v1_mirror,False,47,immediate,5.3804,NARROW,wide_split,vertical_same_side,2,1,250.0,125.0,2.0,very_easy_theoretical_2v1,"{""STALKER"": 2}","{""STALKER"": 1}",fd6641dac683d0e0700038fcaa37af6d96aef9af1bf0881f5f1c22524fca1c94
r2_2v1_stalker_train_0048,configs/train/r2_2v1_stalker_train_0048.json,train,stalker_2v1_mirror_only,stalker_2v1_mirror,False,48,medium,10.5341,SIMPLE,compact,opposing,2,1,250.0,125.0,2.0,very_easy_theoretical_2v1,"{""STALKER"": 2}","{""STALKER"": 1}",7d4e855430847b1697cdd7cedd3c20660b8c4a24a487b811f7e0a1d6e24ba63c
r2_2v1_stalker_train_0049,configs/train/r2_2v1_stalker_train_0049.json,train,stalker_2v1_mirror_only,stalker_2v1_mirror,False,49,near,8.1335,OCTAGON,close_split,opposing,2,1,250.0,125.0,2.0,very_easy_theoretical_2v1,"{""STALKER"": 2}","{""STALKER"": 1}",37d7afe7de30d878fafda5e8beed2421722774c13ee68c5d795fa512229ff6c7
r2_2v1_stalker_train_0050,configs/train/r2_2v1_stalker_train_0050.json,train,stalker_2v1_mirror_only,stalker_2v1_mirror,False,50,medium,11.3062,SIMPLE,staggered,opposing,2,1,250.0,125.0,2.0,very_easy_theoretical_2v1,"{""STALKER"": 2}","{""STALKER"": 1}",ad35af60ef51d24fb3533f7d65af74d7b4ee04f4b8f52c07f14187d5934e430c
r2_2v1_stalker_train_0051,configs/train/r2_2v1_stalker_train_0051.json,train,stalker_2v1_mirror_only,stalker_2v1_mirror,False,51,immediate,5.2101,SIMPLE,wide_split,opposing,2,1,250.0,125.0,2.0,very_easy_theoretical_2v1,"{""STALKER"": 2}","{""STALKER"": 1}",427c2b41c7b2b2b3a5c2fa31a39fd29d2f8cda67a9719dde85d6954ef7fdce0e
r2_2v1_stalker_train_0052,configs/train/r2_2v1_stalker_train_0052.json,train,stalker_2v1_mirror_only,stalker_2v1_mirror,False,52,near,7.7328,OCTAGON,compact,opposing,2,1,250.0,125.0,2.0,very_easy_theoretical_2v1,"{""STALKER"": 2}","{""STALKER"": 1}",7625ace82fbb87e40d36cd695885990ddc74bcf17f50bcec9d3228558734bb3b
r2_2v1_stalker_train_0053,configs/train/r2_2v1_stalker_train_0053.json,train,stalker_2v1_mirror_only,stalker_2v1_mirror,False,53,near,8.3015,SIMPLE,close_split,opposing,2,1,250.0,125.0,2.0,very_easy_theoretical_2v1,"{""STALKER"": 2}","{""STALKER"": 1}",72fec47da4052bb54c9445490783a37c65c5e1d3a9d87d87499c6f7564030ca7
r2_2v1_stalker_train_0054,configs/train/r2_2v1_stalker_train_0054.json,train,stalker_2v1_mirror_only,stalker_2v1_mirror,False,54,immediate,4.9089,NARROW,staggered,vertical_same_side,2,1,250.0,125.0,2.0,very_easy_theoretical_2v1,"{""STALKER"": 2}","{""STALKER"": 1}",cb9bdeea7193a8bc8646bacc7a71c33438213e02cf027c59e70ade974c6d56fb
r2_2v1_stalker_train_0055,configs/train/r2_2v1_stalker_train_0055.json,train,stalker_2v1_mirror_only,stalker_2v1_mirror,False,55,near,8.2127,OCTAGON,wide_split,opposing,2,1,250.0,125.0,2.0,very_easy_theoretical_2v1,"{""STALKER"": 2}","{""STALKER"": 1}",3f2860ccd27d5c5c6548160fa5ccdd50e08a78e1d5b657c6a107de93b09ce4b6
r2_2v1_stalker_train_0056,configs/train/r2_2v1_stalker_train_0056.json,train,stalker_2v1_mirror_only,stalker_2v1_mirror,False,56,near,7.5326,SIMPLE,compact,opposing,2,1,250.0,125.0,2.0,very_easy_theoretical_2v1,"{""STALKER"": 2}","{""STALKER"": 1}",aca425225f47381f4f377ffc8a9e663d005d7332c5b64bc1ab3237076a8bef56
r2_2v1_stalker_train_0057,configs/train/r2_2v1_stalker_train_0057.json,train,stalker_2v1_mirror_only,stalker_2v1_mirror,False,57,immediate,5.2351,NARROW,close_split,vertical_same_side,2,1,250.0,125.0,2.0,very_easy_theoretical_2v1,"{""STALKER"": 2}","{""STALKER"": 1}",ddbc3e5f46e35789bfc7c0c23630ae340cd3a3f39baf18864c610cefa023cea0
r2_2v1_stalker_train_0058,configs/train/r2_2v1_stalker_train_0058.json,train,stalker_2v1_mirror_only,stalker_2v1_mirror,False,58,near,8.0368,SIMPLE,staggered,opposing,2,1,250.0,125.0,2.0,very_easy_theoretical_2v1,"{""STALKER"": 2}","{""STALKER"": 1}",0db056a52dc415dd7f948a12d17fa60ecf20d9d6ee6b29cafbf5a635011f65b4
r2_2v1_stalker_train_0059,configs/train/r2_2v1_stalker_train_0059.json,train,stalker_2v1_mirror_only,stalker_2v1_mirror,False,59,immediate,5.231,OCTAGON,wide_split,opposing,2,1,250.0,125.0,2.0,very_easy_theoretical_2v1,"{""STALKER"": 2}","{""STALKER"": 1}",aace099de336f81401e0d8098272056e297109c623322a23de2ab4befaeccf40
r2_2v1_stalker_train_0060,configs/train/r2_2v1_stalker_train_0060.json,train,stalker_2v1_mirror_only,stalker_2v1_mirror,False,60,near,7.69,SIMPLE,compact,opposing,2,1,250.0,125.0,2.0,very_easy_theoretical_2v1,"{""STALKER"": 2}","{""STALKER"": 1}",a55382683e072009b04624100e6be0c273f444ff166ddb669b05aec850e5fb09
r2_2v1_stalker_train_0061,configs/train/r2_2v1_stalker_train_0061.json,train,stalker_2v1_mirror_only,stalker_2v1_mirror,False,61,medium,11.5703,SIMPLE,close_split,opposing,2,1,250.0,125.0,2.0,very_easy_theoretical_2v1,"{""STALKER"": 2}","{""STALKER"": 1}",846eeb83e20b95ed14f7f1d504de29050ee0ccd7985b34073ff9c057e02c056e
r2_2v1_stalker_train_0062,configs/train/r2_2v1_stalker_train_0062.json,train,stalker_2v1_mirror_only,stalker_2v1_mirror,False,62,far,14.319,OCTAGON,staggered,opposing,2,1,250.0,125.0,2.0,very_easy_theoretical_2v1,"{""STALKER"": 2}","{""STALKER"": 1}",b7692df4fdaebb6738dcd1d46dd122e930aa95fc3ef34d883a019d055b08d26d
r2_2v1_stalker_train_0063,configs/train/r2_2v1_stalker_train_0063.json,train,stalker_2v1_mirror_only,stalker_2v1_mirror,False,63,near,8.487,SIMPLE,wide_split,opposing,2,1,250.0,125.0,2.0,very_easy_theoretical_2v1,"{""STALKER"": 2}","{""STALKER"": 1}",7ccb3db6a121bfb0db43ed3d91d081230efc76fcabedb53cd1f6f562d02f9416
r2_2v1_stalker_train_0064,configs/train/r2_2v1_stalker_train_0064.json,train,stalker_2v1_mirror_only,stalker_2v1_mirror,False,64,near,8.2643,NARROW,compact,vertical_same_side,2,1,250.0,125.0,2.0,very_easy_theoretical_2v1,"{""STALKER"": 2}","{""STALKER"": 1}",2e16ca35ea7a111e4e644780ecbfde4cf858443a1c8bb2f9cf3f3e7bd2621f31
r2_2v1_stalker_train_0065,configs/train/r2_2v1_stalker_train_0065.json,train,stalker_2v1_mirror_only,stalker_2v1_mirror,False,65,medium,11.6401,OCTAGON,close_split,opposing,2,1,250.0,125.0,2.0,very_easy_theoretical_2v1,"{""STALKER"": 2}","{""STALKER"": 1}",0eb9f8f55aca56eed20a11b4b19559e16b302cf09a159f73ce1304f1c7f0133f
r2_2v1_stalker_train_0066,configs/train/r2_2v1_stalker_train_0066.json,train,stalker_2v1_mirror_only,stalker_2v1_mirror,False,66,near,8.0043,SIMPLE,staggered,opposing,2,1,250.0,125.0,2.0,very_easy_theoretical_2v1,"{""STALKER"": 2}","{""STALKER"": 1}",54912528e1ce4f5f70ae407edb892b2508e46aedddf2ca49a9aa8b60be949324
r2_2v1_stalker_train_0067,configs/train/r2_2v1_stalker_train_0067.json,train,stalker_2v1_mirror_only,stalker_2v1_mirror,False,67,immediate,5.5264,NARROW,wide_split,vertical_same_side,2,1,250.0,125.0,2.0,very_easy_theoretical_2v1,"{""STALKER"": 2}","{""STALKER"": 1}",a7567ebcefe87dafb01892cee5de58cd7a6a4e796562f191291ef9db3d15573e
r2_2v1_stalker_train_0068,configs/train/r2_2v1_stalker_train_0068.json,train,stalker_2v1_mirror_only,stalker_2v1_mirror,False,68,medium,10.6451,SIMPLE,compact,opposing,2,1,250.0,125.0,2.0,very_easy_theoretical_2v1,"{""STALKER"": 2}","{""STALKER"": 1}",d002e42a5eb3be334f6ab2d7b2dc9d4e8afa27df9364bed46f31e148807422b2
r2_2v1_stalker_train_0069,configs/train/r2_2v1_stalker_train_0069.json,train,stalker_2v1_mirror_only,stalker_2v1_mirror,False,69,near,8.4305,OCTAGON,close_split,opposing,2,1,250.0,125.0,2.0,very_easy_theoretical_2v1,"{""STALKER"": 2}","{""STALKER"": 1}",6578afac8cfcfc754c9aa2035bb59f3a81f776b03293f5861641a218546a21e3
r2_2v1_stalker_train_0070,configs/train/r2_2v1_stalker_train_0070.json,train,stalker_2v1_mirror_only,stalker_2v1_mirror,False,70,near,7.8074,SIMPLE,staggered,opposing,2,1,250.0,125.0,2.0,very_easy_theoretical_2v1,"{""STALKER"": 2}","{""STALKER"": 1}",cd63cc2e18289449dd97a9cc37db2ee566aa98b656c9d997d0bd77df845b87dc
r2_2v1_stalker_train_0071,configs/train/r2_2v1_stalker_train_0071.json,train,stalker_2v1_mirror_only,stalker_2v1_mirror,False,71,far,14.2835,SIMPLE,wide_split,opposing,2,1,250.0,125.0,2.0,very_easy_theoretical_2v1,"{""STALKER"": 2}","{""STALKER"": 1}",463cc826ba08fe61e6123238b00c7cce932f0dc77687a9bff34390c637df46ff
r2_2v1_stalker_train_0072,configs/train/r2_2v1_stalker_train_0072.json,train,stalker_2v1_mirror_only,stalker_2v1_mirror,False,72,near,7.3545,OCTAGON,compact,opposing,2,1,250.0,125.0,2.0,very_easy_theoretical_2v1,"{""STALKER"": 2}","{""STALKER"": 1}",4efc3ec0c9d5fec4f1f4632158d6da2e1375ff91165517388c149eaa1181757a
r2_2v1_stalker_train_0073,configs/train/r2_2v1_stalker_train_0073.json,train,stalker_2v1_mirror_only,stalker_2v1_mirror,False,73,near,8.1543,SIMPLE,close_split,opposing,2,1,250.0,125.0,2.0,very_easy_theoretical_2v1,"{""STALKER"": 2}","{""STALKER"": 1}",1606f171302ca5d088bb67bdb219662ea30adf36f342ce5a31bf65d1a99eb8bc
r2_2v1_stalker_train_0074,configs/train/r2_2v1_stalker_train_0074.json,train,stalker_2v1_mirror_only,stalker_2v1_mirror,False,74,medium,11.297,NARROW,staggered,vertical_same_side,2,1,250.0,125.0,2.0,very_easy_theoretical_2v1,"{""STALKER"": 2}","{""STALKER"": 1}",3df668d45c0e753a6f08bb9973d5501ffd045d58342dd42fd21a03c9246da122
r2_2v1_stalker_train_0075,configs/train/r2_2v1_stalker_train_0075.json,train,stalker_2v1_mirror_only,stalker_2v1_mirror,False,75,near,8.3596,OCTAGON,wide_split,opposing,2,1,250.0,125.0,2.0,very_easy_theoretical_2v1,"{""STALKER"": 2}","{""STALKER"": 1}",97c5c97fda3e11cfecddf26b1411d5eabe48025ae6a2e070d2d180fae4d379b2
r2_2v1_stalker_train_0076,configs/train/r2_2v1_stalker_train_0076.json,train,stalker_2v1_mirror_only,stalker_2v1_mirror,False,76,immediate,4.6328,SIMPLE,compact,opposing,2,1,250.0,125.0,2.0,very_easy_theoretical_2v1,"{""STALKER"": 2}","{""STALKER"": 1}",2f6782c4222acf48a48e7a94df00294285b6b413a6d5f052eb5a125397ade46b
r2_2v1_stalker_train_0077,configs/train/r2_2v1_stalker_train_0077.json,train,stalker_2v1_mirror_only,stalker_2v1_mirror,False,77,immediate,5.2286,NARROW,close_split,vertical_same_side,2,1,250.0,125.0,2.0,very_easy_theoretical_2v1,"{""STALKER"": 2}","{""STALKER"": 1}",77e27fce43ea4082aac4fdfd73f7f95fd4c8a9c4ff1ecafaf9059cbbd56d5240
r2_2v1_stalker_train_0078,configs/train/r2_2v1_stalker_train_0078.json,train,stalker_2v1_mirror_only,stalker_2v1_mirror,False,78,medium,11.1969,SIMPLE,staggered,opposing,2,1,250.0,125.0,2.0,very_easy_theoretical_2v1,"{""STALKER"": 2}","{""STALKER"": 1}",d85af49aac029ba39309a58db7514841279e95d0e6746ba1150002dbbcebf8d0
r2_2v1_stalker_train_0079,configs/train/r2_2v1_stalker_train_0079.json,train,stalker_2v1_mirror_only,stalker_2v1_mirror,False,79,medium,11.5665,OCTAGON,wide_split,opposing,2,1,250.0,125.0,2.0,very_easy_theoretical_2v1,"{""STALKER"": 2}","{""STALKER"": 1}",85460d8241934009bcc1999326340fe541a15f5a6dbe80fdd5ece72bae114ce9
r2_2v1_stalker_train_0080,configs/train/r2_2v1_stalker_train_0080.json,train,stalker_2v1_mirror_only,stalker_2v1_mirror,False,80,near,7.515,SIMPLE,compact,opposing,2,1,250.0,125.0,2.0,very_easy_theoretical_2v1,"{""STALKER"": 2}","{""STALKER"": 1}",deb248c9e655d0d7c50286fc70acc3ad74da1eeba8d6164f64d7ae0955701515
r2_2v1_stalker_train_0081,configs/train/r2_2v1_stalker_train_0081.json,train,stalker_2v1_mirror_only,stalker_2v1_mirror,False,81,immediate,5.4225,SIMPLE,close_split,opposing,2,1,250.0,125.0,2.0,very_easy_theoretical_2v1,"{""STALKER"": 2}","{""STALKER"": 1}",1390cc50e94bb4e815344d9ace654e7ee1e5651256ef1aa7b4c8be94c268b9f2
r2_2v1_stalker_train_0082,configs/train/r2_2v1_stalker_train_0082.json,train,stalker_2v1_mirror_only,stalker_2v1_mirror,False,82,medium,10.8625,OCTAGON,staggered,opposing,2,1,250.0,125.0,2.0,very_easy_theoretical_2v1,"{""STALKER"": 2}","{""STALKER"": 1}",9efe29c86cbaa310202dd28461f774fb8c32b88b3fc5dfca51899904821e3cf9
r2_2v1_stalker_train_0083,configs/train/r2_2v1_stalker_train_0083.json,train,stalker_2v1_mirror_only,stalker_2v1_mirror,False,83,near,8.1172,SIMPLE,wide_split,opposing,2,1,250.0,125.0,2.0,very_easy_theoretical_2v1,"{""STALKER"": 2}","{""STALKER"": 1}",e07811d0fb85fa8c1d940dc0df45258e11288dcc8cab6bc9d72e0e4782466476
r2_2v1_stalker_train_0084,configs/train/r2_2v1_stalker_train_0084.json,train,stalker_2v1_mirror_only,stalker_2v1_mirror,False,84,near,8.3351,NARROW,compact,vertical_same_side,2,1,250.0,125.0,2.0,very_easy_theoretical_2v1,"{""STALKER"": 2}","{""STALKER"": 1}",ffaf35c81ab29194c28204985a661bdce43b21e73da2deadddf66bd415579da0
r2_2v1_stalker_train_0085,configs/train/r2_2v1_stalker_train_0085.json,train,stalker_2v1_mirror_only,stalker_2v1_mirror,False,85,medium,11.4113,OCTAGON,close_split,opposing,2,1,250.0,125.0,2.0,very_easy_theoretical_2v1,"{""STALKER"": 2}","{""STALKER"": 1}",bcf794b4a3be2b044fedbf9340a5b13763b6c46defaa975af9c3ad550f744a61
r2_2v1_stalker_train_0086,configs/train/r2_2v1_stalker_train_0086.json,train,stalker_2v1_mirror_only,stalker_2v1_mirror,False,86,immediate,4.8579,SIMPLE,staggered,opposing,2,1,250.0,125.0,2.0,very_easy_theoretical_2v1,"{""STALKER"": 2}","{""STALKER"": 1}",aab5aed94fe7cbc66e08bd33f88b06b8cc3e918b9534c6b3847fff002b35ed17
r2_2v1_stalker_train_0087,configs/train/r2_2v1_stalker_train_0087.json,train,stalker_2v1_mirror_only,stalker_2v1_mirror,False,87,near,8.0926,NARROW,wide_split,vertical_same_side,2,1,250.0,125.0,2.0,very_easy_theoretical_2v1,"{""STALKER"": 2}","{""STALKER"": 1}",808a1c7c9489e9d244bc09db43672fd06334834cd8a94c89755ad3b0a63dd074
r2_2v1_stalker_train_0088,configs/train/r2_2v1_stalker_train_0088.json,train,stalker_2v1_mirror_only,stalker_2v1_mirror,False,88,medium,10.5953,SIMPLE,compact,opposing,2,1,250.0,125.0,2.0,very_easy_theoretical_2v1,"{""STALKER"": 2}","{""STALKER"": 1}",e28919a213294ef9d6895bbdbec63e001b5c8733f8c50e47eab4411048557379
r2_2v1_stalker_train_0089,configs/train/r2_2v1_stalker_train_0089.json,train,stalker_2v1_mirror_only,stalker_2v1_mirror,False,89,immediate,5.4882,OCTAGON,close_split,opposing,2,1,250.0,125.0,2.0,very_easy_theoretical_2v1,"{""STALKER"": 2}","{""STALKER"": 1}",8a5058b3d54784c224116705fdf8d75d23d52cac5d4507fc11d10e967947e23e
r2_2v1_stalker_train_0090,configs/train/r2_2v1_stalker_train_0090.json,train,stalker_2v1_mirror_only,stalker_2v1_mirror,False,90,far,14.2034,SIMPLE,staggered,opposing,2,1,250.0,125.0,2.0,very_easy_theoretical_2v1,"{""STALKER"": 2}","{""STALKER"": 1}",1c8d9f681e6a410f371a21d5d36dc387b7a94d97f0d2a9e5ca9ace459e2116cf
r2_2v1_stalker_train_0091,configs/train/r2_2v1_stalker_train_0091.json,train,stalker_2v1_mirror_only,stalker_2v1_mirror,False,91,near,8.4665,SIMPLE,wide_split,opposing,2,1,250.0,125.0,2.0,very_easy_theoretical_2v1,"{""STALKER"": 2}","{""STALKER"": 1}",721961a5add1ac0547ec027bb4a871a1569694662e680832198d9221df4009f5
r2_2v1_stalker_train_0092,configs/train/r2_2v1_stalker_train_0092.json,train,stalker_2v1_mirror_only,stalker_2v1_mirror,False,92,immediate,4.7585,OCTAGON,compact,opposing,2,1,250.0,125.0,2.0,very_easy_theoretical_2v1,"{""STALKER"": 2}","{""STALKER"": 1}",5aa85aac2edde250b49813a441172084e05543bfd0dd30b19bc0c96685094a73
r2_2v1_stalker_train_0093,configs/train/r2_2v1_stalker_train_0093.json,train,stalker_2v1_mirror_only,stalker_2v1_mirror,False,93,medium,11.4943,SIMPLE,close_split,opposing,2,1,250.0,125.0,2.0,very_easy_theoretical_2v1,"{""STALKER"": 2}","{""STALKER"": 1}",59cfc18ce6049ecd0e4a9dc71e48daac6a946d3c3fc33d770c49fcb0a73f4686
r2_2v1_stalker_train_0094,configs/train/r2_2v1_stalker_train_0094.json,train,stalker_2v1_mirror_only,stalker_2v1_mirror,False,94,medium,11.2814,NARROW,staggered,vertical_same_side,2,1,250.0,125.0,2.0,very_easy_theoretical_2v1,"{""STALKER"": 2}","{""STALKER"": 1}",fc6061e9bfa0e04aa0b2cd2e6c219d40e47bb0e38cd6c662d8ff5ac66ed568e6
r2_2v1_stalker_train_0095,configs/train/r2_2v1_stalker_train_0095.json,train,stalker_2v1_mirror_only,stalker_2v1_mirror,False,95,medium,11.6218,OCTAGON,wide_split,opposing,2,1,250.0,125.0,2.0,very_easy_theoretical_2v1,"{""STALKER"": 2}","{""STALKER"": 1}",eeb0fb4b989e9cc3113daa4e8c5e06479292f53a78bd406e00fbea699ea9e5fd
r2_2v1_stalker_train_0096,configs/train/r2_2v1_stalker_train_0096.json,train,stalker_2v1_mirror_only,stalker_2v1_mirror,False,96,near,7.7027,SIMPLE,compact,opposing,2,1,250.0,125.0,2.0,very_easy_theoretical_2v1,"{""STALKER"": 2}","{""STALKER"": 1}",1f10ddc8ec4859723f4610a511caaee8b439526b9bfb161875dc8af0f0da067c
r2_2v1_stalker_train_0097,configs/train/r2_2v1_stalker_train_0097.json,train,stalker_2v1_mirror_only,stalker_2v1_mirror,False,97,medium,11.2245,NARROW,close_split,vertical_same_side,2,1,250.0,125.0,2.0,very_easy_theoretical_2v1,"{""STALKER"": 2}","{""STALKER"": 1}",b4e25fe8506f36aaed27bc4e9904101c4fa4a90b47aa029d96f9ee5c05b95570
r2_2v1_stalker_train_0098,configs/train/r2_2v1_stalker_train_0098.json,train,stalker_2v1_mirror_only,stalker_2v1_mirror,False,98,medium,11.0716,SIMPLE,staggered,opposing,2,1,250.0,125.0,2.0,very_easy_theoretical_2v1,"{""STALKER"": 2}","{""STALKER"": 1}",5cd6f2646e2486c920faf45e25512c8191720d0681f08009638be8a81ad4d94e
r2_2v1_stalker_train_0099,configs/train/r2_2v1_stalker_train_0099.json,train,stalker_2v1_mirror_only,stalker_2v1_mirror,False,99,immediate,5.5836,OCTAGON,wide_split,opposing,2,1,250.0,125.0,2.0,very_easy_theoretical_2v1,"{""STALKER"": 2}","{""STALKER"": 1}",cbc64de40342b57ab9da902ee094d0a672f744156088ac3bb7e56ed72a268b1d
r2_2v1_stalker_train_0100,configs/train/r2_2v1_stalker_train_0100.json,train,stalker_2v1_mirror_only,stalker_2v1_mirror,False,100,immediate,4.77,SIMPLE,compact,opposing,2,1,250.0,125.0,2.0,very_easy_theoretical_2v1,"{""STALKER"": 2}","{""STALKER"": 1}",9c19a6ff6af01ffb985edbd803912eb888f7ba34200ff86be196161e40091d7f
r2_2v1_stalker_train_0101,configs/train/r2_2v1_stalker_train_0101.json,train,stalker_2v1_mirror_only,stalker_2v1_mirror,False,101,near,8.2108,SIMPLE,close_split,opposing,2,1,250.0,125.0,2.0,very_easy_theoretical_2v1,"{""STALKER"": 2}","{""STALKER"": 1}",5d57859fd3723b594062183fc1af07b8d7758517e7fc5c6886a71f5b07cb30ee
r2_2v1_stalker_train_0102,configs/train/r2_2v1_stalker_train_0102.json,train,stalker_2v1_mirror_only,stalker_2v1_mirror,False,102,medium,10.8332,OCTAGON,staggered,opposing,2,1,250.0,125.0,2.0,very_easy_theoretical_2v1,"{""STALKER"": 2}","{""STALKER"": 1}",80029691a90c4cfdaedb345fc96d7a32ace0bb0a48a996d33bbe11d3a02e9eda
r2_2v1_stalker_train_0103,configs/train/r2_2v1_stalker_train_0103.json,train,stalker_2v1_mirror_only,stalker_2v1_mirror,False,103,near,8.481,SIMPLE,wide_split,opposing,2,1,250.0,125.0,2.0,very_easy_theoretical_2v1,"{""STALKER"": 2}","{""STALKER"": 1}",48c0eefdf5daa98e9bedffd2e87743a5c94995a89a5f0d92472d87d827b4a4dc
r2_2v1_stalker_train_0104,configs/train/r2_2v1_stalker_train_0104.json,train,stalker_2v1_mirror_only,stalker_2v1_mirror,False,104,near,8.2499,NARROW,compact,vertical_same_side,2,1,250.0,125.0,2.0,very_easy_theoretical_2v1,"{""STALKER"": 2}","{""STALKER"": 1}",eb739f352aea6bd9bfb9a5db8cffa7a87c6b6492f33ba8ba861371561fa08de0
r2_2v1_stalker_train_0105,configs/train/r2_2v1_stalker_train_0105.json,train,stalker_2v1_mirror_only,stalker_2v1_mirror,False,105,immediate,5.1903,OCTAGON,close_split,opposing,2,1,250.0,125.0,2.0,very_easy_theoretical_2v1,"{""STALKER"": 2}","{""STALKER"": 1}",7e00d01b9cfd22bece53fb52890721aa155897c18d547268c0c26f017c660649
r2_2v1_stalker_train_0106,configs/train/r2_2v1_stalker_train_0106.json,train,stalker_2v1_mirror_only,stalker_2v1_mirror,False,106,near,8.1326,SIMPLE,staggered,opposing,2,1,250.0,125.0,2.0,very_easy_theoretical_2v1,"{""STALKER"": 2}","{""STALKER"": 1}",b758e0092b5cdabeeaf3b5af264787bf3896ca6c4ca3b288ff97ba35f86aa3cf
r2_2v1_stalker_train_0107,configs/train/r2_2v1_stalker_train_0107.json,train,stalker_2v1_mirror_only,stalker_2v1_mirror,False,107,medium,11.3894,NARROW,wide_split,vertical_same_side,2,1,250.0,125.0,2.0,very_easy_theoretical_2v1,"{""STALKER"": 2}","{""STALKER"": 1}",483fd20e9d898b6c7c6b27e9dfad81474fb09e8e6d293a492006dc02da254185
r2_2v1_stalker_train_0108,configs/train/r2_2v1_stalker_train_0108.json,train,stalker_2v1_mirror_only,stalker_2v1_mirror,False,108,medium,10.7397,SIMPLE,compact,opposing,2,1,250.0,125.0,2.0,very_easy_theoretical_2v1,"{""STALKER"": 2}","{""STALKER"": 1}",9ecbdaf86ea7494de9b044a5b1092cff8c2ae293f5c11353ca16c8831361bea2
r2_2v1_stalker_train_0109,configs/train/r2_2v1_stalker_train_0109.json,train,stalker_2v1_mirror_only,stalker_2v1_mirror,False,109,near,8.4616,OCTAGON,close_split,opposing,2,1,250.0,125.0,2.0,very_easy_theoretical_2v1,"{""STALKER"": 2}","{""STALKER"": 1}",b8bba6e84963d8eb875da9d5a225783b0b62052d74112cbf5a550171c97a52ce
r2_2v1_stalker_train_0110,configs/train/r2_2v1_stalker_train_0110.json,train,stalker_2v1_mirror_only,stalker_2v1_mirror,False,110,near,7.9979,SIMPLE,staggered,opposing,2,1,250.0,125.0,2.0,very_easy_theoretical_2v1,"{""STALKER"": 2}","{""STALKER"": 1}",b9a87b56bb01f93cdd752bdd6833572ebde0f75e7bafd3cbf7587b26f76e5838
r2_2v1_stalker_train_0111,configs/train/r2_2v1_stalker_train_0111.json,train,stalker_2v1_mirror_only,stalker_2v1_mirror,False,111,medium,11.5163,SIMPLE,wide_split,opposing,2,1,250.0,125.0,2.0,very_easy_theoretical_2v1,"{""STALKER"": 2}","{""STALKER"": 1}",e67681bd965254a7b3dc1942431b098f7c4c01a5000ce4c7f5065d39bb703f0b
r2_2v1_stalker_train_0112,configs/train/r2_2v1_stalker_train_0112.json,train,stalker_2v1_mirror_only,stalker_2v1_mirror,False,112,immediate,4.4836,OCTAGON,compact,opposing,2,1,250.0,125.0,2.0,very_easy_theoretical_2v1,"{""STALKER"": 2}","{""STALKER"": 1}",e2fe1d2f103c70c4e102999597dc8535b7adf009d320681de7424e29e9c50246
r2_2v1_stalker_train_0113,configs/train/r2_2v1_stalker_train_0113.json,train,stalker_2v1_mirror_only,stalker_2v1_mirror,False,113,immediate,5.2554,SIMPLE,close_split,opposing,2,1,250.0,125.0,2.0,very_easy_theoretical_2v1,"{""STALKER"": 2}","{""STALKER"": 1}",242859d6f58ffa1e4610c7726c3a9a873351cd0cdb7749b01615fe15b9991e7c
r2_2v1_stalker_train_0114,configs/train/r2_2v1_stalker_train_0114.json,train,stalker_2v1_mirror_only,stalker_2v1_mirror,False,114,medium,11.2106,NARROW,staggered,vertical_same_side,2,1,250.0,125.0,2.0,very_easy_theoretical_2v1,"{""STALKER"": 2}","{""STALKER"": 1}",4b669d3e36c34ac30d8d3eb8615357a65b355e7aff925888fe92f83526a72700
r2_2v1_stalker_train_0115,configs/train/r2_2v1_stalker_train_0115.json,train,stalker_2v1_mirror_only,stalker_2v1_mirror,False,115,near,8.3587,OCTAGON,wide_split,opposing,2,1,250.0,125.0,2.0,very_easy_theoretical_2v1,"{""STALKER"": 2}","{""STALKER"": 1}",4677bd411c2a2a3f50e2c86fc98069323399c30aaf4c07caf31f51e9f9ee4345
r2_2v1_stalker_train_0116,configs/train/r2_2v1_stalker_train_0116.json,train,stalker_2v1_mirror_only,stalker_2v1_mirror,False,116,near,7.3207,SIMPLE,compact,opposing,2,1,250.0,125.0,2.0,very_easy_theoretical_2v1,"{""STALKER"": 2}","{""STALKER"": 1}",7cc85f8cbc32c66e700e8c63b03eabf4c4b946f348c8ea322ecd4086dc33374a
r2_2v1_stalker_train_0117,configs/train/r2_2v1_stalker_train_0117.json,train,stalker_2v1_mirror_only,stalker_2v1_mirror,False,117,medium,11.3578,NARROW,close_split,vertical_same_side,2,1,250.0,125.0,2.0,very_easy_theoretical_2v1,"{""STALKER"": 2}","{""STALKER"": 1}",654936f7931be98d0dd0404eb1b8a547c054fba6d0dc88730d02d0c004583450
r2_2v1_stalker_train_0118,configs/train/r2_2v1_stalker_train_0118.json,train,stalker_2v1_mirror_only,stalker_2v1_mirror,False,118,medium,10.9341,SIMPLE,staggered,opposing,2,1,250.0,125.0,2.0,very_easy_theoretical_2v1,"{""STALKER"": 2}","{""STALKER"": 1}",34988e08f88369764e2899143244aeef9fdf8b1968b19ece09bf55599f9a766c
r2_2v1_stalker_train_0119,configs/train/r2_2v1_stalker_train_0119.json,train,stalker_2v1_mirror_only,stalker_2v1_mirror,False,119,near,8.3598,OCTAGON,wide_split,opposing,2,1,250.0,125.0,2.0,very_easy_theoretical_2v1,"{""STALKER"": 2}","{""STALKER"": 1}",43256a3a3bdf7e43d28b8cc70ca52b6948b774458b02b9dc4c3bcb64603b7183
r2_2v1_stalker_train_0120,configs/train/r2_2v1_stalker_train_0120.json,train,stalker_2v1_mirror_only,stalker_2v1_mirror,False,120,immediate,4.6741,SIMPLE,compact,opposing,2,1,250.0,125.0,2.0,very_easy_theoretical_2v1,"{""STALKER"": 2}","{""STALKER"": 1}",9f1e1bbf7a13119e57ece7ec087dfa8a181041476e5b5214df52fa5963788829
r2_2v1_stalker_train_0121,configs/train/r2_2v1_stalker_train_0121.json,train,stalker_2v1_mirror_only,stalker_2v1_mirror,False,121,immediate,5.0268,SIMPLE,close_split,opposing,2,1,250.0,125.0,2.0,very_easy_theoretical_2v1,"{""STALKER"": 2}","{""STALKER"": 1}",f6ee0d26c361dfc05d3b46a27a567ed9650cff8fb31d8b4554da81b81d6392b5
r2_2v1_stalker_train_0122,configs/train/r2_2v1_stalker_train_0122.json,train,stalker_2v1_mirror_only,stalker_2v1_mirror,False,122,immediate,4.9696,OCTAGON,staggered,opposing,2,1,250.0,125.0,2.0,very_easy_theoretical_2v1,"{""STALKER"": 2}","{""STALKER"": 1}",6d98702653858e636b8974a474af796725ef01ffadecba8b3c7c091c72bdece0
r2_2v1_stalker_train_0123,configs/train/r2_2v1_stalker_train_0123.json,train,stalker_2v1_mirror_only,stalker_2v1_mirror,False,123,near,8.4197,SIMPLE,wide_split,opposing,2,1,250.0,125.0,2.0,very_easy_theoretical_2v1,"{""STALKER"": 2}","{""STALKER"": 1}",e3aef58523dd66762e9fe05decac074c6ab1e65b8f179cd2d74611eaecfc1e2e
r2_2v1_stalker_train_0124,configs/train/r2_2v1_stalker_train_0124.json,train,stalker_2v1_mirror_only,stalker_2v1_mirror,False,124,medium,11.3751,NARROW,compact,vertical_same_side,2,1,250.0,125.0,2.0,very_easy_theoretical_2v1,"{""STALKER"": 2}","{""STALKER"": 1}",35ba57619764d4ee458911daaa68cdc8a0d56694f22b1f01918909580b68a01d
r2_2v1_stalker_train_0125,configs/train/r2_2v1_stalker_train_0125.json,train,stalker_2v1_mirror_only,stalker_2v1_mirror,False,125,immediate,5.0303,OCTAGON,close_split,opposing,2,1,250.0,125.0,2.0,very_easy_theoretical_2v1,"{""STALKER"": 2}","{""STALKER"": 1}",ac46ff665f636a1d3abf1297a2bbf2d30884769e8518a73c5bc45d42d352b16b
r2_2v1_stalker_train_0126,configs/train/r2_2v1_stalker_train_0126.json,train,stalker_2v1_mirror_only,stalker_2v1_mirror,False,126,medium,10.8817,SIMPLE,staggered,opposing,2,1,250.0,125.0,2.0,very_easy_theoretical_2v1,"{""STALKER"": 2}","{""STALKER"": 1}",3942ed35427b26e9eec1ef80665b0242f8c14bce6b23957d7125d18d6c1e0a6b
r2_2v1_stalker_train_0127,configs/train/r2_2v1_stalker_train_0127.json,train,stalker_2v1_mirror_only,stalker_2v1_mirror,False,127,near,8.3652,NARROW,wide_split,vertical_same_side,2,1,250.0,125.0,2.0,very_easy_theoretical_2v1,"{""STALKER"": 2}","{""STALKER"": 1}",8feb23be716a515bef73a3d8771c71314b41d28ee935b1bc050921c2214307c0
r2_2v1_stalker_train_0128,configs/train/r2_2v1_stalker_train_0128.json,train,stalker_2v1_mirror_only,stalker_2v1_mirror,False,128,immediate,5.2833,OCTAGON,close_split,opposing,2,1,250.0,125.0,2.0,very_easy_theoretical_2v1,"{""STALKER"": 2}","{""STALKER"": 1}",22f15c133567558fa50b5e8385a04bb76c577c8b57723de2b008b15a11b757c5
r2_2v1_stalker_train_0129,configs/train/r2_2v1_stalker_train_0129.json,train,stalker_2v1_mirror_only,stalker_2v1_mirror,False,129,immediate,5.231,OCTAGON,close_split,opposing,2,1,250.0,125.0,2.0,very_easy_theoretical_2v1,"{""STALKER"": 2}","{""STALKER"": 1}",7e88f2d032014c4ccf91bc89ecf9357c7b39a091d8f9cf32881e686b10b52ac8
r2_2v1_stalker_train_0130,configs/train/r2_2v1_stalker_train_0130.json,train,stalker_2v1_mirror_only,stalker_2v1_mirror,False,130,near,8.0445,SIMPLE,staggered,opposing,2,1,250.0,125.0,2.0,very_easy_theoretical_2v1,"{""STALKER"": 2}","{""STALKER"": 1}",6bf0a67bd3730a1f1744de2f005b8b90e8a1c2533504dfbd23b15ddf0d5d6672
r2_2v1_stalker_train_0131,configs/train/r2_2v1_stalker_train_0131.json,train,stalker_2v1_mirror_only,stalker_2v1_mirror,False,131,near,8.4055,SIMPLE,wide_split,opposing,2,1,250.0,125.0,2.0,very_easy_theoretical_2v1,"{""STALKER"": 2}","{""STALKER"": 1}",b49ae67812def478a451cc99b12984b88ff843bbb17470400b21df6a7e5c3189
r2_2v1_stalker_train_0132,configs/train/r2_2v1_stalker_train_0132.json,train,stalker_2v1_mirror_only,stalker_2v1_mirror,False,132,immediate,4.8282,OCTAGON,compact,opposing,2,1,250.0,125.0,2.0,very_easy_theoretical_2v1,"{""STALKER"": 2}","{""STALKER"": 1}",07cdb1059d1eed0725b7b59133d39f9a6c8de7829d2db145506e52c8d24cbc4c
r2_2v1_stalker_train_0133,configs/train/r2_2v1_stalker_train_0133.json,train,stalker_2v1_mirror_only,stalker_2v1_mirror,False,133,immediate,5.0179,SIMPLE,close_split,opposing,2,1,250.0,125.0,2.0,very_easy_theoretical_2v1,"{""STALKER"": 2}","{""STALKER"": 1}",e6de5bbd27f4f9e966f5adb28a7139899ba3ab1f315acfe425979ff8e4d41ff9
r2_2v1_stalker_train_0134,configs/train/r2_2v1_stalker_train_0134.json,train,stalker_2v1_mirror_only,stalker_2v1_mirror,False,134,near,7.9097,NARROW,staggered,vertical_same_side,2,1,250.0,125.0,2.0,very_easy_theoretical_2v1,"{""STALKER"": 2}","{""STALKER"": 1}",8361459657d9665be4172203aa8c3e03b7034250a036b6d3dece94f362b439d0
r2_2v1_stalker_train_0135,configs/train/r2_2v1_stalker_train_0135.json,train,stalker_2v1_mirror_only,stalker_2v1_mirror,False,135,immediate,5.3923,OCTAGON,wide_split,opposing,2,1,250.0,125.0,2.0,very_easy_theoretical_2v1,"{""STALKER"": 2}","{""STALKER"": 1}",4b234b26ff0aae996d4db5ef2383ab598f160af22ad9d4539d6f7a5448ae693d
r2_2v1_stalker_train_0136,configs/train/r2_2v1_stalker_train_0136.json,train,stalker_2v1_mirror_only,stalker_2v1_mirror,False,136,near,7.3255,SIMPLE,compact,opposing,2,1,250.0,125.0,2.0,very_easy_theoretical_2v1,"{""STALKER"": 2}","{""STALKER"": 1}",8c8ac683f6ef06bdead0561b016924f7ba2fad6a3836f56330ab04e4bdf43080
r2_2v1_stalker_train_0137,configs/train/r2_2v1_stalker_train_0137.json,train,stalker_2v1_mirror_only,stalker_2v1_mirror,False,137,near,8.2714,NARROW,close_split,vertical_same_side,2,1,250.0,125.0,2.0,very_easy_theoretical_2v1,"{""STALKER"": 2}","{""STALKER"": 1}",ec0153fb36a2056a39ce42c5f5d96ed8b8f654f1c897265b6c6f48999d770de1
r2_2v1_stalker_train_0138,configs/train/r2_2v1_stalker_train_0138.json,train,stalker_2v1_mirror_only,stalker_2v1_mirror,False,138,near,8.1081,SIMPLE,staggered,opposing,2,1,250.0,125.0,2.0,very_easy_theoretical_2v1,"{""STALKER"": 2}","{""STALKER"": 1}",e1336618bcf76855c4888cd5e057c12339b43b12555439f96e919b3e6d117272
r2_2v1_stalker_train_0139,configs/train/r2_2v1_stalker_train_0139.json,train,stalker_2v1_mirror_only,stalker_2v1_mirror,False,139,immediate,5.3971,OCTAGON,wide_split,opposing,2,1,250.0,125.0,2.0,very_easy_theoretical_2v1,"{""STALKER"": 2}","{""STALKER"": 1}",edd3b0035cb753b715251267886bd613646126c552633d8c997226aa601f9584
r2_2v1_stalker_train_0140,configs/train/r2_2v1_stalker_train_0140.json,train,stalker_2v1_mirror_only,stalker_2v1_mirror,False,140,near,7.7037,SIMPLE,compact,opposing,2,1,250.0,125.0,2.0,very_easy_theoretical_2v1,"{""STALKER"": 2}","{""STALKER"": 1}",f459ad2a3b13b3dba962b4248bddd089edb962debfd40f840ad1d8be31a9925d
r2_2v1_stalker_train_0141,configs/train/r2_2v1_stalker_train_0141.json,train,stalker_2v1_mirror_only,stalker_2v1_mirror,False,141,near,8.0904,SIMPLE,close_split,opposing,2,1,250.0,125.0,2.0,very_easy_theoretical_2v1,"{""STALKER"": 2}","{""STALKER"": 1}",03c8196bfe12b6a788697342eff5bd2451b78a134fb402ae8aeabaf143c715fb
r2_2v1_stalker_train_0142,configs/train/r2_2v1_stalker_train_0142.json,train,stalker_2v1_mirror_only,stalker_2v1_mirror,False,142,near,7.8867,OCTAGON,staggered,opposing,2,1,250.0,125.0,2.0,very_easy_theoretical_2v1,"{""STALKER"": 2}","{""STALKER"": 1}",c6c8c1ebecd5a8b204d5b6d7278dbca93e10a0e370505994ca43e96f476c5fef
r2_2v1_stalker_train_0143,configs/train/r2_2v1_stalker_train_0143.json,train,stalker_2v1_mirror_only,stalker_2v1_mirror,False,143,near,8.0759,SIMPLE,wide_split,opposing,2,1,250.0,125.0,2.0,very_easy_theoretical_2v1,"{""STALKER"": 2}","{""STALKER"": 1}",c679b491d37a95bf88f1208de2cbf77023ac49f451bf8b4664f7c9932cc79e4b
r2_2v1_stalker_train_0144,configs/train/r2_2v1_stalker_train_0144.json,train,stalker_2v1_mirror_only,stalker_2v1_mirror,False,144,immediate,5.3267,NARROW,compact,vertical_same_side,2,1,250.0,125.0,2.0,very_easy_theoretical_2v1,"{""STALKER"": 2}","{""STALKER"": 1}",33685b46c7caf6377083ff152f3093969386e2a7fe04546d3eec03e205f4651c
r2_2v1_stalker_train_0145,configs/train/r2_2v1_stalker_train_0145.json,train,stalker_2v1_mirror_only,stalker_2v1_mirror,False,145,immediate,5.21,OCTAGON,close_split,opposing,2,1,250.0,125.0,2.0,very_easy_theoretical_2v1,"{""STALKER"": 2}","{""STALKER"": 1}",20191034e4e3b32f9ea2c4c1419401c6174986144aaba1a5b8b0d513969f86cf
r2_2v1_stalker_train_0146,configs/train/r2_2v1_stalker_train_0146.json,train,stalker_2v1_mirror_only,stalker_2v1_mirror,False,146,far,13.9921,SIMPLE,staggered,opposing,2,1,250.0,125.0,2.0,very_easy_theoretical_2v1,"{""STALKER"": 2}","{""STALKER"": 1}",66905b8ece63362f69d3c3f2316f4503050ad725b655bcb832e40a4c85308198
r2_2v1_stalker_train_0147,configs/train/r2_2v1_stalker_train_0147.json,train,stalker_2v1_mirror_only,stalker_2v1_mirror,False,147,medium,11.5322,NARROW,wide_split,vertical_same_side,2,1,250.0,125.0,2.0,very_easy_theoretical_2v1,"{""STALKER"": 2}","{""STALKER"": 1}",4552e58b3e522861df0d389ed1e34e68f07c5083d5a4801d74148aaf38be7e64
r2_2v1_stalker_train_0148,configs/train/r2_2v1_stalker_train_0148.json,train,stalker_2v1_mirror_only,stalker_2v1_mirror,False,148,medium,10.7769,SIMPLE,compact,opposing,2,1,250.0,125.0,2.0,very_easy_theoretical_2v1,"{""STALKER"": 2}","{""STALKER"": 1}",268461ffbe6ce218d8a1e98206476d2db07435f047484eb58493e2840558fa5d
r2_2v1_stalker_train_0149,configs/train/r2_2v1_stalker_train_0149.json,train,stalker_2v1_mirror_only,stalker_2v1_mirror,False,149,near,8.0752,OCTAGON,close_split,opposing,2,1,250.0,125.0,2.0,very_easy_theoretical_2v1,"{""STALKER"": 2}","{""STALKER"": 1}",73c5163d445f9ea00c6f01daf423f2a3e87fcfe3b5ca17ab5498dc24ab3485e4
r2_2v1_stalker_train_0150,configs/train/r2_2v1_stalker_train_0150.json,train,stalker_2v1_mirror_only,stalker_2v1_mirror,False,150,near,7.6777,SIMPLE,staggered,opposing,2,1,250.0,125.0,2.0,very_easy_theoretical_2v1,"{""STALKER"": 2}","{""STALKER"": 1}",5a44f89ead2e0ba35afdcc808f843b61c2bf6bdeb2cdc75c997b0454b366e66d
r2_2v1_stalker_train_0151,configs/train/r2_2v1_stalker_train_0151.json,train,stalker_2v1_mirror_only,stalker_2v1_mirror,False,151,medium,11.5175,SIMPLE,wide_split,opposing,2,1,250.0,125.0,2.0,very_easy_theoretical_2v1,"{""STALKER"": 2}","{""STALKER"": 1}",8d5f8fbd7bd3c3191e323b0c7e04b84e3cb4266d46304c03037fe931b555adb0
r2_2v1_stalker_train_0152,configs/train/r2_2v1_stalker_train_0152.json,train,stalker_2v1_mirror_only,stalker_2v1_mirror,False,152,immediate,4.6264,OCTAGON,compact,opposing,2,1,250.0,125.0,2.0,very_easy_theoretical_2v1,"{""STALKER"": 2}","{""STALKER"": 1}",f34754df303bff315218692f774e126910efe8f84ffafb8f859ad7ce05b57bd6
r2_2v1_stalker_train_0153,configs/train/r2_2v1_stalker_train_0153.json,train,stalker_2v1_mirror_only,stalker_2v1_mirror,False,153,near,8.3778,SIMPLE,close_split,opposing,2,1,250.0,125.0,2.0,very_easy_theoretical_2v1,"{""STALKER"": 2}","{""STALKER"": 1}",d55a44bebaf105e74186a6cfc9664be52faf9ba0ebb93554e3dadd27a794515a
r2_2v1_stalker_train_0154,configs/train/r2_2v1_stalker_train_0154.json,train,stalker_2v1_mirror_only,stalker_2v1_mirror,False,154,near,7.7669,NARROW,staggered,vertical_same_side,2,1,250.0,125.0,2.0,very_easy_theoretical_2v1,"{""STALKER"": 2}","{""STALKER"": 1}",69f12cb137e29c0dda6cbf83ac6046855b1335e0c35420813dee4d4adb92b1c6
r2_2v1_stalker_train_0155,configs/train/r2_2v1_stalker_train_0155.json,train,stalker_2v1_mirror_only,stalker_2v1_mirror,False,155,near,8.4675,OCTAGON,wide_split,opposing,2,1,250.0,125.0,2.0,very_easy_theoretical_2v1,"{""STALKER"": 2}","{""STALKER"": 1}",13c2149533f31897edb112b65fbc776bf6dbf8bc7fee3a74337264de6b9997b5
r2_2v1_stalker_train_0156,configs/train/r2_2v1_stalker_train_0156.json,train,stalker_2v1_mirror_only,stalker_2v1_mirror,False,156,medium,10.5383,SIMPLE,compact,opposing,2,1,250.0,125.0,2.0,very_easy_theoretical_2v1,"{""STALKER"": 2}","{""STALKER"": 1}",b33ef9d0b4ed6f54463541761003d455500831e8b4d56cc2b83535bfd342d1b0
r2_2v1_stalker_train_0157,configs/train/r2_2v1_stalker_train_0157.json,train,stalker_2v1_mirror_only,stalker_2v1_mirror,False,157,medium,11.428,NARROW,close_split,vertical_same_side,2,1,250.0,125.0,2.0,very_easy_theoretical_2v1,"{""STALKER"": 2}","{""STALKER"": 1}",cdbd7f14344f9d75a8208dd7d78277b21a356f428a98b810caea3e15a459e884
r2_2v1_stalker_train_0158,configs/train/r2_2v1_stalker_train_0158.json,train,stalker_2v1_mirror_only,stalker_2v1_mirror,False,158,immediate,5.1187,SIMPLE,staggered,opposing,2,1,250.0,125.0,2.0,very_easy_theoretical_2v1,"{""STALKER"": 2}","{""STALKER"": 1}",fe05ab08dc5d1b5235825d2a45fca108603593f10bf4cc8fd9984c95eafd860e
r2_2v1_stalker_train_0159,configs/train/r2_2v1_stalker_train_0159.json,train,stalker_2v1_mirror_only,stalker_2v1_mirror,False,159,medium,11.4392,OCTAGON,wide_split,opposing,2,1,250.0,125.0,2.0,very_easy_theoretical_2v1,"{""STALKER"": 2}","{""STALKER"": 1}",863ffa426def1f5201096f386702c24a9d8dc0233401fe724543dbf0b0260639
r2_2v1_stalker_train_0160,configs/train/r2_2v1_stalker_train_0160.json,train,stalker_2v1_mirror_only,stalker_2v1_mirror,False,160,near,7.5782,SIMPLE,compact,opposing,2,1,250.0,125.0,2.0,very_easy_theoretical_2v1,"{""STALKER"": 2}","{""STALKER"": 1}",4fb7424bc86c5f336159734a0bb486ffadd12d90d62470eaddfdb4b13140f1df
r2_2v1_stalker_validation_0001,configs/validation/r2_2v1_stalker_validation_0001.json,validation,stalker_2v1_mirror_only,stalker_2v1_mirror,False,1,medium,11.6668,OCTAGON,close_split,opposing,2,1,250.0,125.0,2.0,very_easy_theoretical_2v1,"{""STALKER"": 2}","{""STALKER"": 1}",20579ba0fbad47921d74b2687cc38d46a97d0a983582327ed0e10db8f013b61c
r2_2v1_stalker_validation_0002,configs/validation/r2_2v1_stalker_validation_0002.json,validation,stalker_2v1_mirror_only,stalker_2v1_mirror,False,2,medium,11.2418,SIMPLE,staggered,opposing,2,1,250.0,125.0,2.0,very_easy_theoretical_2v1,"{""STALKER"": 2}","{""STALKER"": 1}",f2b03c2b048d331eb971a76629baa727cb1cecec4bcdcf22deb94b33510e71b3
r2_2v1_stalker_validation_0003,configs/validation/r2_2v1_stalker_validation_0003.json,validation,stalker_2v1_mirror_only,stalker_2v1_mirror,False,3,medium,11.6612,NARROW,wide_split,vertical_same_side,2,1,250.0,125.0,2.0,very_easy_theoretical_2v1,"{""STALKER"": 2}","{""STALKER"": 1}",e5275e0d7b15b32df6c9cba4d635934986a8a5f6d41582c281eb84129259faf9
r2_2v1_stalker_validation_0004,configs/validation/r2_2v1_stalker_validation_0004.json,validation,stalker_2v1_mirror_only,stalker_2v1_mirror,False,4,near,7.551,SIMPLE,compact,opposing,2,1,250.0,125.0,2.0,very_easy_theoretical_2v1,"{""STALKER"": 2}","{""STALKER"": 1}",b73d8583733113a5b18ed53ca9107268e9dc97dea59e5be22f595d6d1ca3b63f
r2_2v1_stalker_validation_0005,configs/validation/r2_2v1_stalker_validation_0005.json,validation,stalker_2v1_mirror_only,stalker_2v1_mirror,False,5,near,8.0163,OCTAGON,close_split,opposing,2,1,250.0,125.0,2.0,very_easy_theoretical_2v1,"{""STALKER"": 2}","{""STALKER"": 1}",c0645d09097d7f4b9ef3d7dd0e7774a487b93974485664c7c9ab8e10cfada8c2
r2_2v1_stalker_validation_0006,configs/validation/r2_2v1_stalker_validation_0006.json,validation,stalker_2v1_mirror_only,stalker_2v1_mirror,False,6,immediate,4.94,SIMPLE,staggered,opposing,2,1,250.0,125.0,2.0,very_easy_theoretical_2v1,"{""STALKER"": 2}","{""STALKER"": 1}",337668dbfd9aef277f686154c7e4c0a0578ea929e11b5ae1f43168bfe04ff79f
r2_2v1_stalker_validation_0007,configs/validation/r2_2v1_stalker_validation_0007.json,validation,stalker_2v1_mirror_only,stalker_2v1_mirror,False,7,far,14.464,SIMPLE,wide_split,opposing,2,1,250.0,125.0,2.0,very_easy_theoretical_2v1,"{""STALKER"": 2}","{""STALKER"": 1}",fee034e3a892f8f73653557ca5d60dcbfd846b84c249fb32230f40532ace3318
r2_2v1_stalker_validation_0008,configs/validation/r2_2v1_stalker_validation_0008.json,validation,stalker_2v1_mirror_only,stalker_2v1_mirror,False,8,near,7.6222,SIMPLE,compact,opposing,2,1,250.0,125.0,2.0,very_easy_theoretical_2v1,"{""STALKER"": 2}","{""STALKER"": 1}",e5621ae801dabb70ca061c5a7beb492746661ee45ee5ce8ed49065bcb0f158cc
r2_2v1_stalker_validation_0009,configs/validation/r2_2v1_stalker_validation_0009.json,validation,stalker_2v1_mirror_only,stalker_2v1_mirror,False,9,near,8.4495,OCTAGON,close_split,opposing,2,1,250.0,125.0,2.0,very_easy_theoretical_2v1,"{""STALKER"": 2}","{""STALKER"": 1}",016fcd0fbb43bb5dc3d9fee63327aebc71515569df97803980a59619a4959d11
r2_2v1_stalker_validation_0010,configs/validation/r2_2v1_stalker_validation_0010.json,validation,stalker_2v1_mirror_only,stalker_2v1_mirror,False,10,near,7.9496,SIMPLE,staggered,opposing,2,1,250.0,125.0,2.0,very_easy_theoretical_2v1,"{""STALKER"": 2}","{""STALKER"": 1}",457811915122223297a894fdf0badf8421bc8693773181481889487c1807f41f
r2_2v1_stalker_validation_0011,configs/validation/r2_2v1_stalker_validation_0011.json,validation,stalker_2v1_mirror_only,stalker_2v1_mirror,False,11,medium,11.5723,NARROW,wide_split,vertical_same_side,2,1,250.0,125.0,2.0,very_easy_theoretical_2v1,"{""STALKER"": 2}","{""STALKER"": 1}",c87c64db866a2d69854d3bf1d8992123a1deca2233983e2f5ec3c8a40e70dc33
r2_2v1_stalker_validation_0012,configs/validation/r2_2v1_stalker_validation_0012.json,validation,stalker_2v1_mirror_only,stalker_2v1_mirror,False,12,immediate,4.5206,SIMPLE,compact,opposing,2,1,250.0,125.0,2.0,very_easy_theoretical_2v1,"{""STALKER"": 2}","{""STALKER"": 1}",2ebbc30732d89d076360a7c883434078af98451c08bd091c6f60b1f5418deed3
r2_2v1_stalker_validation_0013,configs/validation/r2_2v1_stalker_validation_0013.json,validation,stalker_2v1_mirror_only,stalker_2v1_mirror,False,13,medium,11.3991,OCTAGON,close_split,opposing,2,1,250.0,125.0,2.0,very_easy_theoretical_2v1,"{""STALKER"": 2}","{""STALKER"": 1}",4c5bc15f7ef4ffd282edefce5abd6a4a999221f9daf052575a1f7f7092b795ce
r2_2v1_stalker_validation_0014,configs/validation/r2_2v1_stalker_validation_0014.json,validation,stalker_2v1_mirror_only,stalker_2v1_mirror,False,14,immediate,4.8306,SIMPLE,staggered,opposing,2,1,250.0,125.0,2.0,very_easy_theoretical_2v1,"{""STALKER"": 2}","{""STALKER"": 1}",4ff60e1e40044cca3bb5aa256c8d6e298462de3b625f0ead891d72323299c40b
r2_2v1_stalker_validation_0015,configs/validation/r2_2v1_stalker_validation_0015.json,validation,stalker_2v1_mirror_only,stalker_2v1_mirror,False,15,near,8.426,NARROW,wide_split,vertical_same_side,2,1,250.0,125.0,2.0,very_easy_theoretical_2v1,"{""STALKER"": 2}","{""STALKER"": 1}",28943b96f1ccb482996857695c778c2413c020432c4fb8860474766eb9331f03
r2_2v1_stalker_validation_0016,configs/validation/r2_2v1_stalker_validation_0016.json,validation,stalker_2v1_mirror_only,stalker_2v1_mirror,False,16,immediate,4.6747,SIMPLE,compact,opposing,2,1,250.0,125.0,2.0,very_easy_theoretical_2v1,"{""STALKER"": 2}","{""STALKER"": 1}",e0aa9bea01f850a40c458eaa794249dfdced81d4c8c19ccdf5688233a897e46b
r2_2v1_stalker_validation_0017,configs/validation/r2_2v1_stalker_validation_0017.json,validation,stalker_2v1_mirror_only,stalker_2v1_mirror,False,17,near,8.3445,OCTAGON,close_split,opposing,2,1,250.0,125.0,2.0,very_easy_theoretical_2v1,"{""STALKER"": 2}","{""STALKER"": 1}",5b760fc229c7f5ad7de56ccc7bbb4072a0dbcecfb27b45d05239a76d1cd69b79
r2_2v1_stalker_validation_0018,configs/validation/r2_2v1_stalker_validation_0018.json,validation,stalker_2v1_mirror_only,stalker_2v1_mirror,False,18,far,13.9907,SIMPLE,staggered,opposing,2,1,250.0,125.0,2.0,very_easy_theoretical_2v1,"{""STALKER"": 2}","{""STALKER"": 1}",ba32830c85560979b4f856d0e54e70a9524eb39e5c1f5e2180d29215a937ab27
r2_2v1_stalker_validation_0019,configs/validation/r2_2v1_stalker_validation_0019.json,validation,stalker_2v1_mirror_only,stalker_2v1_mirror,False,19,near,8.2121,NARROW,wide_split,vertical_same_side,2,1,250.0,125.0,2.0,very_easy_theoretical_2v1,"{""STALKER"": 2}","{""STALKER"": 1}",a7ddca0c95627a40404eb49275d18affbdfcf0f4ba48863342fd00efc65191eb
r2_2v1_stalker_validation_0020,configs/validation/r2_2v1_stalker_validation_0020.json,validation,stalker_2v1_mirror_only,stalker_2v1_mirror,False,20,immediate,4.4963,SIMPLE,compact,opposing,2,1,250.0,125.0,2.0,very_easy_theoretical_2v1,"{""STALKER"": 2}","{""STALKER"": 1}",2a7788d0ca4fa8c1a09591b565882449c082014a300dbe224703b073d64efb25
r2_2v1_stalker_validation_0021,configs/validation/r2_2v1_stalker_validation_0021.json,validation,stalker_2v1_mirror_only,stalker_2v1_mirror,False,21,near,8.4755,OCTAGON,close_split,opposing,2,1,250.0,125.0,2.0,very_easy_theoretical_2v1,"{""STALKER"": 2}","{""STALKER"": 1}",5e02693a1563655b920f68ab173c8fab248fe846d739b163eb46b188147bc289
r2_2v1_stalker_validation_0022,configs/validation/r2_2v1_stalker_validation_0022.json,validation,stalker_2v1_mirror_only,stalker_2v1_mirror,False,22,near,7.7588,SIMPLE,staggered,opposing,2,1,250.0,125.0,2.0,very_easy_theoretical_2v1,"{""STALKER"": 2}","{""STALKER"": 1}",62ab9da708eb0af5762c8bbf0edbdcd73336a2c1a45ef97cc64f1ab1b4086415
r2_2v1_stalker_validation_0023,configs/validation/r2_2v1_stalker_validation_0023.json,validation,stalker_2v1_mirror_only,stalker_2v1_mirror,False,23,near,8.4896,NARROW,wide_split,vertical_same_side,2,1,250.0,125.0,2.0,very_easy_theoretical_2v1,"{""STALKER"": 2}","{""STALKER"": 1}",a6f1f50f4c0abc193a14d84ac2d05dd1e4d0b885289cd11c80e52b2484a4b8df
r2_2v1_stalker_validation_0024,configs/validation/r2_2v1_stalker_validation_0024.json,validation,stalker_2v1_mirror_only,stalker_2v1_mirror,False,24,immediate,4.5793,SIMPLE,compact,opposing,2,1,250.0,125.0,2.0,very_easy_theoretical_2v1,"{""STALKER"": 2}","{""STALKER"": 1}",b6995dec9705a6fe79f6fe3799dc953cf5b81217b793029d6795620b8fd96ab1
r2_2v1_stalker_validation_0025,configs/validation/r2_2v1_stalker_validation_0025.json,validation,stalker_2v1_mirror_only,stalker_2v1_mirror,False,25,near,8.1216,OCTAGON,close_split,opposing,2,1,250.0,125.0,2.0,very_easy_theoretical_2v1,"{""STALKER"": 2}","{""STALKER"": 1}",d021369a2a02a8eb996713d43ff2f3c7ed32996c5fe4b5ccebf0b292206499db
r2_2v1_stalker_validation_0026,configs/validation/r2_2v1_stalker_validation_0026.json,validation,stalker_2v1_mirror_only,stalker_2v1_mirror,False,26,medium,11.1286,SIMPLE,staggered,opposing,2,1,250.0,125.0,2.0,very_easy_theoretical_2v1,"{""STALKER"": 2}","{""STALKER"": 1}",773971f6cf3cc47df5f3daac206bf3439cea06a188aca66ae5c1f82cf92e24c0
r2_2v1_stalker_validation_0027,configs/validation/r2_2v1_stalker_validation_0027.json,validation,stalker_2v1_mirror_only,stalker_2v1_mirror,False,27,medium,11.5916,NARROW,wide_split,vertical_same_side,2,1,250.0,125.0,2.0,very_easy_theoretical_2v1,"{""STALKER"": 2}","{""STALKER"": 1}",9cf2caa04ed3fcd80d4d44e6df7f76c33c6cadfe9449d223635c0fb923824802
r2_2v1_stalker_validation_0028,configs/validation/r2_2v1_stalker_validation_0028.json,validation,stalker_2v1_mirror_only,stalker_2v1_mirror,False,28,immediate,4.5912,SIMPLE,compact,opposing,2,1,250.0,125.0,2.0,very_easy_theoretical_2v1,"{""STALKER"": 2}","{""STALKER"": 1}",5d052efef31066619892ed2e1d124644e421102b8e8817f91850f1120bd5e886
r2_2v1_stalker_validation_0029,configs/validation/r2_2v1_stalker_validation_0029.json,validation,stalker_2v1_mirror_only,stalker_2v1_mirror,False,29,near,8.3834,OCTAGON,close_split,opposing,2,1,250.0,125.0,2.0,very_easy_theoretical_2v1,"{""STALKER"": 2}","{""STALKER"": 1}",47995e7d69df7e5d7e5bf8a992855f18334d7103a0fc219bc211210fc2be120e
r2_2v1_stalker_validation_0030,configs/validation/r2_2v1_stalker_validation_0030.json,validation,stalker_2v1_mirror_only,stalker_2v1_mirror,False,30,medium,11.1239,SIMPLE,staggered,opposing,2,1,250.0,125.0,2.0,very_easy_theoretical_2v1,"{""STALKER"": 2}","{""STALKER"": 1}",1509cbea864564e8ca90c57e461f623275869188eb169a7b4467a8dbb6aee444
r2_2v1_stalker_validation_0031,configs/validation/r2_2v1_stalker_validation_0031.json,validation,stalker_2v1_mirror_only,stalker_2v1_mirror,False,31,near,8.0543,NARROW,wide_split,vertical_same_side,2,1,250.0,125.0,2.0,very_easy_theoretical_2v1,"{""STALKER"": 2}","{""STALKER"": 1}",a1951955b8008288d0e7fa43719546d740f41d9c3bc650514bed7de81d463901
r2_2v1_stalker_validation_0032,configs/validation/r2_2v1_stalker_validation_0032.json,validation,stalker_2v1_mirror_only,stalker_2v1_mirror,False,32,immediate,4.447,SIMPLE,compact,opposing,2,1,250.0,125.0,2.0,very_easy_theoretical_2v1,"{""STALKER"": 2}","{""STALKER"": 1}",790312e8eaf6a65213b3d5d5b752d73124c2a1f92a159eafb9a3623ed0c9840d
r2_2v1_stalker_validation_0033,configs/validation/r2_2v1_stalker_validation_0033.json,validation,stalker_2v1_mirror_only,stalker_2v1_mirror,False,33,near,8.0513,OCTAGON,close_split,opposing,2,1,250.0,125.0,2.0,very_easy_theoretical_2v1,"{""STALKER"": 2}","{""STALKER"": 1}",4f7fed2a0064144850e8e5a5c4b3695dc74607eacd9c23a43c53cf03c7c90f93
r2_2v1_stalker_validation_0034,configs/validation/r2_2v1_stalker_validation_0034.json,validation,stalker_2v1_mirror_only,stalker_2v1_mirror,False,34,immediate,5.0393,SIMPLE,staggered,opposing,2,1,250.0,125.0,2.0,very_easy_theoretical_2v1,"{""STALKER"": 2}","{""STALKER"": 1}",cd9d16ea226e4e62b7bcd54fc5b0bf5148e376fc59fa70ff6b3a92f0c0674db2
r2_2v1_stalker_validation_0035,configs/validation/r2_2v1_stalker_validation_0035.json,validation,stalker_2v1_mirror_only,stalker_2v1_mirror,False,35,near,8.2118,NARROW,wide_split,vertical_same_side,2,1,250.0,125.0,2.0,very_easy_theoretical_2v1,"{""STALKER"": 2}","{""STALKER"": 1}",3b4c16e5116a286e396730913fb1b6bedb9958f576be8e49d33e8b3ba254e016
r2_2v1_stalker_validation_0036,configs/validation/r2_2v1_stalker_validation_0036.json,validation,stalker_2v1_mirror_only,stalker_2v1_mirror,False,36,near,7.5772,SIMPLE,compact,opposing,2,1,250.0,125.0,2.0,very_easy_theoretical_2v1,"{""STALKER"": 2}","{""STALKER"": 1}",294c87b74bfec490eb303787251ac3576ff2f9e3ad848c1344aec54d4baa43cc
r2_2v1_stalker_validation_0037,configs/validation/r2_2v1_stalker_validation_0037.json,validation,stalker_2v1_mirror_only,stalker_2v1_mirror,False,37,near,8.2792,OCTAGON,close_split,opposing,2,1,250.0,125.0,2.0,very_easy_theoretical_2v1,"{""STALKER"": 2}","{""STALKER"": 1}",87d93d675852ed848bd233b0918c71484de3f4325d19a967a55b094d16fe5149
r2_2v1_stalker_validation_0038,configs/validation/r2_2v1_stalker_validation_0038.json,validation,stalker_2v1_mirror_only,stalker_2v1_mirror,False,38,medium,11.2372,SIMPLE,staggered,opposing,2,1,250.0,125.0,2.0,very_easy_theoretical_2v1,"{""STALKER"": 2}","{""STALKER"": 1}",a2d743ed8cc747465a48234676689759a7f820773f4fefbbdc5001e76770d2a0
r2_2v1_stalker_validation_0039,configs/validation/r2_2v1_stalker_validation_0039.json,validation,stalker_2v1_mirror_only,stalker_2v1_mirror,False,39,medium,11.5678,NARROW,wide_split,vertical_same_side,2,1,250.0,125.0,2.0,very_easy_theoretical_2v1,"{""STALKER"": 2}","{""STALKER"": 1}",2038e639e3b140b4b234492370fc0a9c09790cef54f336dc44d2d168b04fb002
r2_2v1_stalker_validation_0040,configs/validation/r2_2v1_stalker_validation_0040.json,validation,stalker_2v1_mirror_only,stalker_2v1_mirror,False,40,immediate,4.5264,SIMPLE,compact,opposing,2,1,250.0,125.0,2.0,very_easy_theoretical_2v1,"{""STALKER"": 2}","{""STALKER"": 1}",8473b76b39003fb355d688e9b6de3382f38fd0c708d6adc0bec55dbfbc87f6c1
r2_2v1_stalker_blind_iid_0001,configs/blind_iid/r2_2v1_stalker_blind_iid_0001.json,blind_iid,stalker_2v1_mirror_only,stalker_2v1_mirror,False,1,medium,11.3124,SIMPLE,close_split,opposing,2,1,250.0,125.0,2.0,very_easy_theoretical_2v1,"{""STALKER"": 2}","{""STALKER"": 1}",3768fd3599133f90f6faf2368bb9d870232468c7119f1a41ac1270e0312af088
r2_2v1_stalker_blind_iid_0002,configs/blind_iid/r2_2v1_stalker_blind_iid_0002.json,blind_iid,stalker_2v1_mirror_only,stalker_2v1_mirror,False,2,near,7.7923,NARROW,staggered,vertical_same_side,2,1,250.0,125.0,2.0,very_easy_theoretical_2v1,"{""STALKER"": 2}","{""STALKER"": 1}",cc44c782291d6366b90b6d1ab85c3721277292b383f3dc8855ff38b80f59c020
r2_2v1_stalker_blind_iid_0003,configs/blind_iid/r2_2v1_stalker_blind_iid_0003.json,blind_iid,stalker_2v1_mirror_only,stalker_2v1_mirror,False,3,near,8.4013,SIMPLE,wide_split,opposing,2,1,250.0,125.0,2.0,very_easy_theoretical_2v1,"{""STALKER"": 2}","{""STALKER"": 1}",4912b14e4c806623de764b01f4e9cf6822d56200c79520f9bd5736bf9865ad5a
r2_2v1_stalker_blind_iid_0004,configs/blind_iid/r2_2v1_stalker_blind_iid_0004.json,blind_iid,stalker_2v1_mirror_only,stalker_2v1_mirror,False,4,medium,10.9148,OCTAGON,compact,opposing,2,1,250.0,125.0,2.0,very_easy_theoretical_2v1,"{""STALKER"": 2}","{""STALKER"": 1}",770ae673b745e34dcb0b8122b4a61946c7cba6a648ee2334306b2ca54f0f99dd
r2_2v1_stalker_blind_iid_0005,configs/blind_iid/r2_2v1_stalker_blind_iid_0005.json,blind_iid,stalker_2v1_mirror_only,stalker_2v1_mirror,False,5,immediate,5.1188,SIMPLE,close_split,opposing,2,1,250.0,125.0,2.0,very_easy_theoretical_2v1,"{""STALKER"": 2}","{""STALKER"": 1}",465d2e9e3d5a8d889d19a5bc453213b84deee267ee2b568691bf8c0d0964db26
r2_2v1_stalker_blind_iid_0006,configs/blind_iid/r2_2v1_stalker_blind_iid_0006.json,blind_iid,stalker_2v1_mirror_only,stalker_2v1_mirror,False,6,near,7.9164,SIMPLE,staggered,opposing,2,1,250.0,125.0,2.0,very_easy_theoretical_2v1,"{""STALKER"": 2}","{""STALKER"": 1}",fdce64e3a1ea0a199e4523644f9823c654069660cba97c0f7bc8d1e0eb83dc14
r2_2v1_stalker_blind_iid_0007,configs/blind_iid/r2_2v1_stalker_blind_iid_0007.json,blind_iid,stalker_2v1_mirror_only,stalker_2v1_mirror,False,7,near,8.2531,NARROW,wide_split,vertical_same_side,2,1,250.0,125.0,2.0,very_easy_theoretical_2v1,"{""STALKER"": 2}","{""STALKER"": 1}",9d141a23104cd744505c4eaee0307302e806920d9e1e37e2a0c7e273af3c8c84
r2_2v1_stalker_blind_iid_0008,configs/blind_iid/r2_2v1_stalker_blind_iid_0008.json,blind_iid,stalker_2v1_mirror_only,stalker_2v1_mirror,False,8,near,7.3761,OCTAGON,compact,opposing,2,1,250.0,125.0,2.0,very_easy_theoretical_2v1,"{""STALKER"": 2}","{""STALKER"": 1}",c3040e0dda727efd69d0eee15c4697c4ead89e7277d3d3f2a6c995576d3b9173
r2_2v1_stalker_blind_iid_0009,configs/blind_iid/r2_2v1_stalker_blind_iid_0009.json,blind_iid,stalker_2v1_mirror_only,stalker_2v1_mirror,False,9,immediate,5.2228,SIMPLE,close_split,opposing,2,1,250.0,125.0,2.0,very_easy_theoretical_2v1,"{""STALKER"": 2}","{""STALKER"": 1}",ccc77b4fa109edeab4e3d6185ad7aa9eb67403ede57844a63d10ce238a54f920
r2_2v1_stalker_blind_iid_0010,configs/blind_iid/r2_2v1_stalker_blind_iid_0010.json,blind_iid,stalker_2v1_mirror_only,stalker_2v1_mirror,False,10,near,8.1052,NARROW,staggered,vertical_same_side,2,1,250.0,125.0,2.0,very_easy_theoretical_2v1,"{""STALKER"": 2}","{""STALKER"": 1}",91142ec744ca8a640947e1f55e3ab8d60702ded9ba129215fe222badc629b0eb
r2_2v1_stalker_blind_iid_0011,configs/blind_iid/r2_2v1_stalker_blind_iid_0011.json,blind_iid,stalker_2v1_mirror_only,stalker_2v1_mirror,False,11,medium,11.4861,SIMPLE,wide_split,opposing,2,1,250.0,125.0,2.0,very_easy_theoretical_2v1,"{""STALKER"": 2}","{""STALKER"": 1}",8e68f1ac8c25b605f487b91d2b40d1a7c9189a6af534f99ed88e2e448e4f486e
r2_2v1_stalker_blind_iid_0012,configs/blind_iid/r2_2v1_stalker_blind_iid_0012.json,blind_iid,stalker_2v1_mirror_only,stalker_2v1_mirror,False,12,immediate,5.3984,SIMPLE,close_split,opposing,2,1,250.0,125.0,2.0,very_easy_theoretical_2v1,"{""STALKER"": 2}","{""STALKER"": 1}",de4521b692b5821aa13981b2278688e4b73694c2bdcfd00abde51a1be1fe3294
r2_2v1_stalker_blind_iid_0013,configs/blind_iid/r2_2v1_stalker_blind_iid_0013.json,blind_iid,stalker_2v1_mirror_only,stalker_2v1_mirror,False,13,medium,11.4379,SIMPLE,close_split,opposing,2,1,250.0,125.0,2.0,very_easy_theoretical_2v1,"{""STALKER"": 2}","{""STALKER"": 1}",5364679fcdeb931a1f51deb1a8d9feaeb252765b2279dd0b09558a9d93e6b710
r2_2v1_stalker_blind_iid_0014,configs/blind_iid/r2_2v1_stalker_blind_iid_0014.json,blind_iid,stalker_2v1_mirror_only,stalker_2v1_mirror,False,14,immediate,4.9015,SIMPLE,staggered,opposing,2,1,250.0,125.0,2.0,very_easy_theoretical_2v1,"{""STALKER"": 2}","{""STALKER"": 1}",930ea77c1c0fe4fc1e57f7988c9714ea198bbcbba606af1db2310672aae1c29c
r2_2v1_stalker_blind_iid_0015,configs/blind_iid/r2_2v1_stalker_blind_iid_0015.json,blind_iid,stalker_2v1_mirror_only,stalker_2v1_mirror,False,15,immediate,5.5226,NARROW,wide_split,vertical_same_side,2,1,250.0,125.0,2.0,very_easy_theoretical_2v1,"{""STALKER"": 2}","{""STALKER"": 1}",ddf0fac9ae57bf3a1d4e022652df2aa257054f5c845c3238811960868b9f1413
r2_2v1_stalker_blind_iid_0016,configs/blind_iid/r2_2v1_stalker_blind_iid_0016.json,blind_iid,stalker_2v1_mirror_only,stalker_2v1_mirror,False,16,medium,10.5551,OCTAGON,compact,opposing,2,1,250.0,125.0,2.0,very_easy_theoretical_2v1,"{""STALKER"": 2}","{""STALKER"": 1}",380b82d23e4f137e8cbf3d086d26ff87575be378aaec14aab68d942d9847fbee
r2_2v1_stalker_blind_iid_0017,configs/blind_iid/r2_2v1_stalker_blind_iid_0017.json,blind_iid,stalker_2v1_mirror_only,stalker_2v1_mirror,False,17,immediate,5.322,SIMPLE,close_split,opposing,2,1,250.0,125.0,2.0,very_easy_theoretical_2v1,"{""STALKER"": 2}","{""STALKER"": 1}",c2f9eb038ccf894e72b7681c73091b6c9f490188280ba1d349b86737590537ad
r2_2v1_stalker_blind_iid_0018,configs/blind_iid/r2_2v1_stalker_blind_iid_0018.json,blind_iid,stalker_2v1_mirror_only,stalker_2v1_mirror,False,18,near,8.0044,NARROW,staggered,vertical_same_side,2,1,250.0,125.0,2.0,very_easy_theoretical_2v1,"{""STALKER"": 2}","{""STALKER"": 1}",a00316a33fc15aa075be5ed24826e69226711169810ef1427a35dd8921eccbeb
r2_2v1_stalker_blind_iid_0019,configs/blind_iid/r2_2v1_stalker_blind_iid_0019.json,blind_iid,stalker_2v1_mirror_only,stalker_2v1_mirror,False,19,immediate,5.436,SIMPLE,wide_split,opposing,2,1,250.0,125.0,2.0,very_easy_theoretical_2v1,"{""STALKER"": 2}","{""STALKER"": 1}",b3e35c654c623ced06234d03d9ac1013ad977f06249ce883dd6209a08e873ed8
r2_2v1_stalker_blind_iid_0020,configs/blind_iid/r2_2v1_stalker_blind_iid_0020.json,blind_iid,stalker_2v1_mirror_only,stalker_2v1_mirror,False,20,medium,10.871,OCTAGON,compact,opposing,2,1,250.0,125.0,2.0,very_easy_theoretical_2v1,"{""STALKER"": 2}","{""STALKER"": 1}",b61ae01e9f917696734eec62ba77a82322bc64a6353f36b62100fd6c47acbaf9
r2_2v1_stalker_blind_iid_0021,configs/blind_iid/r2_2v1_stalker_blind_iid_0021.json,blind_iid,stalker_2v1_mirror_only,stalker_2v1_mirror,False,21,medium,11.2997,SIMPLE,close_split,opposing,2,1,250.0,125.0,2.0,very_easy_theoretical_2v1,"{""STALKER"": 2}","{""STALKER"": 1}",16e6efb47cd53a13abf141a81eeee4ebe677bb62348eb210c0818b35cc30405f
r2_2v1_stalker_blind_iid_0022,configs/blind_iid/r2_2v1_stalker_blind_iid_0022.json,blind_iid,stalker_2v1_mirror_only,stalker_2v1_mirror,False,22,far,14.0326,SIMPLE,staggered,opposing,2,1,250.0,125.0,2.0,very_easy_theoretical_2v1,"{""STALKER"": 2}","{""STALKER"": 1}",462ed90ad2ec82b11917fa6c06e898e347bdd43aed78c7918ca8c31144edc4b8
r2_2v1_stalker_blind_iid_0023,configs/blind_iid/r2_2v1_stalker_blind_iid_0023.json,blind_iid,stalker_2v1_mirror_only,stalker_2v1_mirror,False,23,medium,11.5069,NARROW,wide_split,vertical_same_side,2,1,250.0,125.0,2.0,very_easy_theoretical_2v1,"{""STALKER"": 2}","{""STALKER"": 1}",1e5cd58daf0a2bd0b091ee10bbd0a8e4dd351e72d2f9f09895048ad418b56fd1
r2_2v1_stalker_blind_iid_0024,configs/blind_iid/r2_2v1_stalker_blind_iid_0024.json,blind_iid,stalker_2v1_mirror_only,stalker_2v1_mirror,False,24,medium,10.7548,OCTAGON,compact,opposing,2,1,250.0,125.0,2.0,very_easy_theoretical_2v1,"{""STALKER"": 2}","{""STALKER"": 1}",51851232c979c4175cb9998fa244e4aa85504937a2b57707ad61454051a456ff
r2_2v1_stalker_blind_iid_0025,configs/blind_iid/r2_2v1_stalker_blind_iid_0025.json,blind_iid,stalker_2v1_mirror_only,stalker_2v1_mirror,False,25,immediate,5.0899,SIMPLE,close_split,opposing,2,1,250.0,125.0,2.0,very_easy_theoretical_2v1,"{""STALKER"": 2}","{""STALKER"": 1}",ecf0257f008af2d725dc9adc14e715d8aaf2ad024940c436c238c5503533aa00
r2_2v1_stalker_blind_iid_0026,configs/blind_iid/r2_2v1_stalker_blind_iid_0026.json,blind_iid,stalker_2v1_mirror_only,stalker_2v1_mirror,False,26,near,7.6571,NARROW,staggered,vertical_same_side,2,1,250.0,125.0,2.0,very_easy_theoretical_2v1,"{""STALKER"": 2}","{""STALKER"": 1}",767eee6f50b1b58deddf28fdcbba1ca13b3a7f74f606e99f2e3a9e86386ae509
r2_2v1_stalker_blind_iid_0027,configs/blind_iid/r2_2v1_stalker_blind_iid_0027.json,blind_iid,stalker_2v1_mirror_only,stalker_2v1_mirror,False,27,near,8.3109,SIMPLE,wide_split,opposing,2,1,250.0,125.0,2.0,very_easy_theoretical_2v1,"{""STALKER"": 2}","{""STALKER"": 1}",efb471f64a8186131c8f62519c5ccb7533436463fe8cff178f630f94193ef731
r2_2v1_stalker_blind_iid_0028,configs/blind_iid/r2_2v1_stalker_blind_iid_0028.json,blind_iid,stalker_2v1_mirror_only,stalker_2v1_mirror,False,28,near,7.4276,OCTAGON,compact,opposing,2,1,250.0,125.0,2.0,very_easy_theoretical_2v1,"{""STALKER"": 2}","{""STALKER"": 1}",f2eb5c73c36985b5dbcd343d5e5877c94c79f5322d5555e49905c27c85f4712f
r2_2v1_stalker_blind_iid_0029,configs/blind_iid/r2_2v1_stalker_blind_iid_0029.json,blind_iid,stalker_2v1_mirror_only,stalker_2v1_mirror,False,29,far,14.2436,SIMPLE,close_split,opposing,2,1,250.0,125.0,2.0,very_easy_theoretical_2v1,"{""STALKER"": 2}","{""STALKER"": 1}",9beb8aa72b138c955b50271e50456973ee08c51a469309108fbb594043ec404c
r2_2v1_stalker_blind_iid_0030,configs/blind_iid/r2_2v1_stalker_blind_iid_0030.json,blind_iid,stalker_2v1_mirror_only,stalker_2v1_mirror,False,30,near,7.9962,SIMPLE,staggered,opposing,2,1,250.0,125.0,2.0,very_easy_theoretical_2v1,"{""STALKER"": 2}","{""STALKER"": 1}",80e24b1ed48f2813bea7d59d5747d5b50e0b52c57e25388b1d45b617c629019c
r2_2v1_stalker_blind_iid_0031,configs/blind_iid/r2_2v1_stalker_blind_iid_0031.json,blind_iid,stalker_2v1_mirror_only,stalker_2v1_mirror,False,31,immediate,5.5169,NARROW,wide_split,vertical_same_side,2,1,250.0,125.0,2.0,very_easy_theoretical_2v1,"{""STALKER"": 2}","{""STALKER"": 1}",cf4a934b42bcf6056e060081d5736049b1e388224acb9966e0f340b5142a3b18
r2_2v1_stalker_blind_iid_0032,configs/blind_iid/r2_2v1_stalker_blind_iid_0032.json,blind_iid,stalker_2v1_mirror_only,stalker_2v1_mirror,False,32,near,7.7108,OCTAGON,compact,opposing,2,1,250.0,125.0,2.0,very_easy_theoretical_2v1,"{""STALKER"": 2}","{""STALKER"": 1}",77f0960f9b52919b8fabf605c08c8ab2188014033de8b4574a20a9547a3bb5c1
r2_2v1_stalker_blind_iid_0033,configs/blind_iid/r2_2v1_stalker_blind_iid_0033.json,blind_iid,stalker_2v1_mirror_only,stalker_2v1_mirror,False,33,near,8.1981,SIMPLE,close_split,opposing,2,1,250.0,125.0,2.0,very_easy_theoretical_2v1,"{""STALKER"": 2}","{""STALKER"": 1}",878267ba63f1cea73e9c8c56689ed7a1573328499f2c96f4cf1770e16632a288
r2_2v1_stalker_blind_iid_0034,configs/blind_iid/r2_2v1_stalker_blind_iid_0034.json,blind_iid,stalker_2v1_mirror_only,stalker_2v1_mirror,False,34,near,7.6768,NARROW,staggered,vertical_same_side,2,1,250.0,125.0,2.0,very_easy_theoretical_2v1,"{""STALKER"": 2}","{""STALKER"": 1}",b6888d54aac995919220ee176ff669b8b7e53aa8e9713acf1ea47f693bce74ca
r2_2v1_stalker_blind_iid_0035,configs/blind_iid/r2_2v1_stalker_blind_iid_0035.json,blind_iid,stalker_2v1_mirror_only,stalker_2v1_mirror,False,35,immediate,5.419,SIMPLE,wide_split,opposing,2,1,250.0,125.0,2.0,very_easy_theoretical_2v1,"{""STALKER"": 2}","{""STALKER"": 1}",3883bb3407fd93448266866c5d6cffd3b1f1c38e2148f76024286d699d4fdf4a
r2_2v1_stalker_blind_iid_0036,configs/blind_iid/r2_2v1_stalker_blind_iid_0036.json,blind_iid,stalker_2v1_mirror_only,stalker_2v1_mirror,False,36,near,7.3097,OCTAGON,compact,opposing,2,1,250.0,125.0,2.0,very_easy_theoretical_2v1,"{""STALKER"": 2}","{""STALKER"": 1}",6609419ac83b8f215f70280356e4374e491c0e52fb4eafad3c44842a4bb02413
r2_2v1_stalker_blind_iid_0037,configs/blind_iid/r2_2v1_stalker_blind_iid_0037.json,blind_iid,stalker_2v1_mirror_only,stalker_2v1_mirror,False,37,medium,11.3835,SIMPLE,close_split,opposing,2,1,250.0,125.0,2.0,very_easy_theoretical_2v1,"{""STALKER"": 2}","{""STALKER"": 1}",c02d77801ee2938766573455e4d1550f6590c3fb632c06ef4575a4a1abce2501
r2_2v1_stalker_blind_iid_0038,configs/blind_iid/r2_2v1_stalker_blind_iid_0038.json,blind_iid,stalker_2v1_mirror_only,stalker_2v1_mirror,False,38,near,7.6905,SIMPLE,staggered,opposing,2,1,250.0,125.0,2.0,very_easy_theoretical_2v1,"{""STALKER"": 2}","{""STALKER"": 1}",82e999635fe2d71f475e802df4632007b53f853f08c239cd2ad09e2776d7c80b
r2_2v1_stalker_blind_iid_0039,configs/blind_iid/r2_2v1_stalker_blind_iid_0039.json,blind_iid,stalker_2v1_mirror_only,stalker_2v1_mirror,False,39,near,8.3993,NARROW,wide_split,vertical_same_side,2,1,250.0,125.0,2.0,very_easy_theoretical_2v1,"{""STALKER"": 2}","{""STALKER"": 1}",25eac9c31e18d6238d53022745497e4d5dd21d2798851b120c5ff95d20d06e35
r2_2v1_stalker_blind_iid_0040,configs/blind_iid/r2_2v1_stalker_blind_iid_0040.json,blind_iid,stalker_2v1_mirror_only,stalker_2v1_mirror,False,40,near,7.3781,OCTAGON,compact,opposing,2,1,250.0,125.0,2.0,very_easy_theoretical_2v1,"{""STALKER"": 2}","{""STALKER"": 1}",9c248aab0a1c141f9d820269b7adb0929376787e0ae9ebbaf223945ecf8438eb
